Issue ID,Description,State,Severity,Story Points,Project Path,Location Kind,Path,Line,Column,Incident ID,Help Link,Assembly Name,Assembly Version,Assembly Public Key,Snippet
Project.0002,Project's target framework(s) needs to be changed,Active,Mandatory,1,CDS.Markdown\CDS.Markdown.csproj,File,CDS.Markdown\CDS.Markdown.csproj,,,,,,,,Current target framework: net8.0-windows;net6.0-windows;net48 Recommended target framework: net8.0-windows;net6.0-windows;net48;net10.0--windows;net10.0
Api.0002,Source incompatible for selected .NET version,Active,Potential,1,CDS.Markdown\CDS.Markdown.csproj,File,CDS.Markdown\Properties\Resources.Designer.cs,106,12,T:System.Drawing.Bitmap,,,,,"get {                  object obj = ResourceManager.GetObject(""right-arrow"", resourceCulture);                  return ((System.Drawing.Bitmap)(obj));              }"
Api.0002,Source incompatible for selected .NET version,Active,Potential,1,CDS.Markdown\CDS.Markdown.csproj,File,CDS.Markdown\Properties\Resources.Designer.cs,105,8,T:System.Drawing.Bitmap,,,,,internal static System.Drawing.Bitmap right_arrow
Api.0002,Source incompatible for selected .NET version,Active,Potential,1,CDS.Markdown\CDS.Markdown.csproj,File,CDS.Markdown\Properties\Resources.Designer.cs,96,12,T:System.Drawing.Bitmap,,,,,"get {                  object obj = ResourceManager.GetObject(""left-arrow"", resourceCulture);                  return ((System.Drawing.Bitmap)(obj));              }"
Api.0002,Source incompatible for selected .NET version,Active,Potential,1,CDS.Markdown\CDS.Markdown.csproj,File,CDS.Markdown\Properties\Resources.Designer.cs,95,8,T:System.Drawing.Bitmap,,,,,internal static System.Drawing.Bitmap left_arrow
Api.0002,Source incompatible for selected .NET version,Active,Potential,1,CDS.Markdown\CDS.Markdown.csproj,File,CDS.Markdown\Properties\Resources.Designer.cs,86,12,T:System.Drawing.Bitmap,,,,,"get {                  object obj = ResourceManager.GetObject(""left-align"", resourceCulture);                  return ((System.Drawing.Bitmap)(obj));              }"
Api.0002,Source incompatible for selected .NET version,Active,Potential,1,CDS.Markdown\CDS.Markdown.csproj,File,CDS.Markdown\Properties\Resources.Designer.cs,85,8,T:System.Drawing.Bitmap,,,,,internal static System.Drawing.Bitmap left_align
Api.0002,Source incompatible for selected .NET version,Active,Potential,1,CDS.Markdown\CDS.Markdown.csproj,File,CDS.Markdown\Properties\Resources.Designer.cs,76,12,T:System.Drawing.Bitmap,,,,,"get {                  object obj = ResourceManager.GetObject(""home-button-2"", resourceCulture);                  return ((System.Drawing.Bitmap)(obj));              }"
Api.0002,Source incompatible for selected .NET version,Active,Potential,1,CDS.Markdown\CDS.Markdown.csproj,File,CDS.Markdown\Properties\Resources.Designer.cs,75,8,T:System.Drawing.Bitmap,,,,,internal static System.Drawing.Bitmap home_button_2
Api.0002,Source incompatible for selected .NET version,Active,Potential,1,CDS.Markdown\CDS.Markdown.csproj,File,CDS.Markdown\Properties\Resources.Designer.cs,66,12,T:System.Drawing.Bitmap,,,,,"get {                  object obj = ResourceManager.GetObject(""home-button"", resourceCulture);                  return ((System.Drawing.Bitmap)(obj));              }"
Api.0002,Source incompatible for selected .NET version,Active,Potential,1,CDS.Markdown\CDS.Markdown.csproj,File,CDS.Markdown\Properties\Resources.Designer.cs,65,8,T:System.Drawing.Bitmap,,,,,internal static System.Drawing.Bitmap home_button
Api.0001,Binary incompatible for selected .NET version,Active,Mandatory,1,CDS.Markdown\CDS.Markdown.csproj,File,CDS.Markdown\MarkdownViewer.cs,155,8,M:System.Windows.Forms.ContainerControl.Dispose(System.Boolean),,,,,base.Dispose(disposing);
Api.0001,Binary incompatible for selected .NET version,Active,Mandatory,1,CDS.Markdown\CDS.Markdown.csproj,File,CDS.Markdown\MarkdownViewer.cs,76,12,P:System.Windows.Forms.Control.Handle,,,,,var _ = Handle;
Api.0003,Behavioral change in selected .NET version,Active,Potential,1,CDS.Markdown\CDS.Markdown.csproj,File,CDS.Markdown\MarkdownViewer.cs,55,8,T:System.Uri,,,,,webView.Source = new Uri(tempHtmlPath);
Api.0003,Behavioral change in selected .NET version,Active,Potential,1,CDS.Markdown\CDS.Markdown.csproj,File,CDS.Markdown\MarkdownViewer.cs,55,8,M:System.Uri.#ctor(System.String),,,,,webView.Source = new Uri(tempHtmlPath);
Api.0003,Behavioral change in selected .NET version,Active,Potential,1,CDS.Markdown\CDS.Markdown.csproj,File,CDS.Markdown\MarkdownViewer.cs,55,8,T:System.Uri,,,,,webView.Source = new Uri(tempHtmlPath);
Api.0001,Binary incompatible for selected .NET version,Active,Mandatory,1,CDS.Markdown\CDS.Markdown.csproj,File,CDS.Markdown\MarkdownViewer.cs,29,4,M:System.Windows.Forms.UserControl.#ctor,,,,,public MarkdownViewer()      {          InitializeComponent();          session.HtmlReady += OnHtmlReadyAsync;      }
Api.0001,Binary incompatible for selected .NET version,Active,Mandatory,1,CDS.Markdown\CDS.Markdown.csproj,File,CDS.Markdown\MarkdownViewer.Designer.cs,102,23,T:System.Windows.Forms.Button,,,,,btnHome
Api.0001,Binary incompatible for selected .NET version,Active,Mandatory,1,CDS.Markdown\CDS.Markdown.csproj,File,CDS.Markdown\MarkdownViewer.Designer.cs,101,23,T:System.Windows.Forms.Button,,,,,btnBack
Api.0001,Binary incompatible for selected .NET version,Active,Mandatory,1,CDS.Markdown\CDS.Markdown.csproj,File,CDS.Markdown\MarkdownViewer.Designer.cs,100,23,T:System.Windows.Forms.Button,,,,,btnForward
Api.0001,Binary incompatible for selected .NET version,Active,Mandatory,1,CDS.Markdown\CDS.Markdown.csproj,File,CDS.Markdown\MarkdownViewer.Designer.cs,99,22,T:System.Windows.Forms.Panel,,,,,panel1
Api.0001,Binary incompatible for selected .NET version,Active,Mandatory,1,CDS.Markdown\CDS.Markdown.csproj,File,CDS.Markdown\MarkdownViewer.Designer.cs,93,12,M:System.Windows.Forms.Control.ResumeLayout(System.Boolean),,,,,ResumeLayout(false);
Api.0001,Binary incompatible for selected .NET version,Active,Mandatory,1,CDS.Markdown\CDS.Markdown.csproj,File,CDS.Markdown\MarkdownViewer.Designer.cs,92,12,T:System.Windows.Forms.Panel,,,,,panel1.ResumeLayout(false);
Api.0001,Binary incompatible for selected .NET version,Active,Mandatory,1,CDS.Markdown\CDS.Markdown.csproj,File,CDS.Markdown\MarkdownViewer.Designer.cs,92,12,M:System.Windows.Forms.Control.ResumeLayout(System.Boolean),,,,,panel1.ResumeLayout(false);
Api.0001,Binary incompatible for selected .NET version,Active,Mandatory,1,CDS.Markdown\CDS.Markdown.csproj,File,CDS.Markdown\MarkdownViewer.Designer.cs,90,12,P:System.Windows.Forms.Control.Size,,,,,"Size = new Size(438, 372);"
Api.0001,Binary incompatible for selected .NET version,Active,Mandatory,1,CDS.Markdown\CDS.Markdown.csproj,File,CDS.Markdown\MarkdownViewer.Designer.cs,89,12,P:System.Windows.Forms.Control.Name,,,,,"Name = ""MarkdownViewer"";"
Api.0001,Binary incompatible for selected .NET version,Active,Mandatory,1,CDS.Markdown\CDS.Markdown.csproj,File,CDS.Markdown\MarkdownViewer.Designer.cs,88,12,T:System.Windows.Forms.Panel,,,,,Controls.Add(panel1);
Api.0001,Binary incompatible for selected .NET version,Active,Mandatory,1,CDS.Markdown\CDS.Markdown.csproj,File,CDS.Markdown\MarkdownViewer.Designer.cs,88,12,T:System.Windows.Forms.Control.ControlCollection,,,,,Controls.Add(panel1);
Api.0001,Binary incompatible for selected .NET version,Active,Mandatory,1,CDS.Markdown\CDS.Markdown.csproj,File,CDS.Markdown\MarkdownViewer.Designer.cs,88,12,P:System.Windows.Forms.Control.Controls,,,,,Controls.Add(panel1);
Api.0001,Binary incompatible for selected .NET version,Active,Mandatory,1,CDS.Markdown\CDS.Markdown.csproj,File,CDS.Markdown\MarkdownViewer.Designer.cs,88,12,M:System.Windows.Forms.Control.ControlCollection.Add(System.Windows.Forms.Control),,,,,Controls.Add(panel1);
Api.0001,Binary incompatible for selected .NET version,Active,Mandatory,1,CDS.Markdown\CDS.Markdown.csproj,File,CDS.Markdown\MarkdownViewer.Designer.cs,87,12,T:System.Windows.Forms.Control.ControlCollection,,,,,Controls.Add(webView);
Api.0001,Binary incompatible for selected .NET version,Active,Mandatory,1,CDS.Markdown\CDS.Markdown.csproj,File,CDS.Markdown\MarkdownViewer.Designer.cs,87,12,P:System.Windows.Forms.Control.Controls,,,,,Controls.Add(webView);
Api.0001,Binary incompatible for selected .NET version,Active,Mandatory,1,CDS.Markdown\CDS.Markdown.csproj,File,CDS.Markdown\MarkdownViewer.Designer.cs,87,12,M:System.Windows.Forms.Control.ControlCollection.Add(System.Windows.Forms.Control),,,,,Controls.Add(webView);
Api.0001,Binary incompatible for selected .NET version,Active,Mandatory,1,CDS.Markdown\CDS.Markdown.csproj,File,CDS.Markdown\MarkdownViewer.Designer.cs,83,12,T:System.Windows.Forms.Button,,,,,btnBack.Click += btnBack_Click;
Api.0001,Binary incompatible for selected .NET version,Active,Mandatory,1,CDS.Markdown\CDS.Markdown.csproj,File,CDS.Markdown\MarkdownViewer.Designer.cs,83,12,E:System.Windows.Forms.Control.Click,,,,,btnBack.Click += btnBack_Click;
Api.0001,Binary incompatible for selected .NET version,Active,Mandatory,1,CDS.Markdown\CDS.Markdown.csproj,File,CDS.Markdown\MarkdownViewer.Designer.cs,82,12,T:System.Windows.Forms.Button,,,,,btnBack.UseVisualStyleBackColor = true;
Api.0001,Binary incompatible for selected .NET version,Active,Mandatory,1,CDS.Markdown\CDS.Markdown.csproj,File,CDS.Markdown\MarkdownViewer.Designer.cs,82,12,P:System.Windows.Forms.ButtonBase.UseVisualStyleBackColor,,,,,btnBack.UseVisualStyleBackColor = true;
Api.0001,Binary incompatible for selected .NET version,Active,Mandatory,1,CDS.Markdown\CDS.Markdown.csproj,File,CDS.Markdown\MarkdownViewer.Designer.cs,81,12,T:System.Windows.Forms.Button,,,,,btnBack.TabIndex = 0;
Api.0001,Binary incompatible for selected .NET version,Active,Mandatory,1,CDS.Markdown\CDS.Markdown.csproj,File,CDS.Markdown\MarkdownViewer.Designer.cs,81,12,P:System.Windows.Forms.Control.TabIndex,,,,,btnBack.TabIndex = 0;
Api.0001,Binary incompatible for selected .NET version,Active,Mandatory,1,CDS.Markdown\CDS.Markdown.csproj,File,CDS.Markdown\MarkdownViewer.Designer.cs,80,12,T:System.Windows.Forms.Button,,,,,"btnBack.Size = new Size(54, 37);"
Api.0001,Binary incompatible for selected .NET version,Active,Mandatory,1,CDS.Markdown\CDS.Markdown.csproj,File,CDS.Markdown\MarkdownViewer.Designer.cs,80,12,P:System.Windows.Forms.Control.Size,,,,,"btnBack.Size = new Size(54, 37);"
Api.0001,Binary incompatible for selected .NET version,Active,Mandatory,1,CDS.Markdown\CDS.Markdown.csproj,File,CDS.Markdown\MarkdownViewer.Designer.cs,79,12,T:System.Windows.Forms.Button,,,,,"btnBack.Name = ""btnBack"";"
Api.0001,Binary incompatible for selected .NET version,Active,Mandatory,1,CDS.Markdown\CDS.Markdown.csproj,File,CDS.Markdown\MarkdownViewer.Designer.cs,79,12,P:System.Windows.Forms.Control.Name,,,,,"btnBack.Name = ""btnBack"";"
Api.0001,Binary incompatible for selected .NET version,Active,Mandatory,1,CDS.Markdown\CDS.Markdown.csproj,File,CDS.Markdown\MarkdownViewer.Designer.cs,78,12,T:System.Windows.Forms.Button,,,,,"btnBack.Location = new Point(66, 6);"
Api.0001,Binary incompatible for selected .NET version,Active,Mandatory,1,CDS.Markdown\CDS.Markdown.csproj,File,CDS.Markdown\MarkdownViewer.Designer.cs,78,12,P:System.Windows.Forms.Control.Location,,,,,"btnBack.Location = new Point(66, 6);"
Api.0002,Source incompatible for selected .NET version,Active,Potential,1,CDS.Markdown\CDS.Markdown.csproj,File,CDS.Markdown\MarkdownViewer.Designer.cs,77,12,T:System.Drawing.Bitmap,,,,,btnBack.Image = Properties.Resources.left_align;
Api.0001,Binary incompatible for selected .NET version,Active,Mandatory,1,CDS.Markdown\CDS.Markdown.csproj,File,CDS.Markdown\MarkdownViewer.Designer.cs,77,12,T:System.Windows.Forms.Button,,,,,btnBack.Image = Properties.Resources.left_align;
Api.0002,Source incompatible for selected .NET version,Active,Potential,1,CDS.Markdown\CDS.Markdown.csproj,File,CDS.Markdown\MarkdownViewer.Designer.cs,77,12,T:System.Drawing.Image,,,,,btnBack.Image = Properties.Resources.left_align;
Api.0001,Binary incompatible for selected .NET version,Active,Mandatory,1,CDS.Markdown\CDS.Markdown.csproj,File,CDS.Markdown\MarkdownViewer.Designer.cs,77,12,P:System.Windows.Forms.ButtonBase.Image,,,,,btnBack.Image = Properties.Resources.left_align;
Api.0002,Source incompatible for selected .NET version,Active,Potential,1,CDS.Markdown\CDS.Markdown.csproj,File,CDS.Markdown\MarkdownViewer.Designer.cs,76,12,T:System.Drawing.Font,,,,,"btnBack.Font = new Font(""Segoe UI Symbol"", 12F);"
Api.0002,Source incompatible for selected .NET version,Active,Potential,1,CDS.Markdown\CDS.Markdown.csproj,File,CDS.Markdown\MarkdownViewer.Designer.cs,76,12,"M:System.Drawing.Font.#ctor(System.String,System.Single)",,,,,"btnBack.Font = new Font(""Segoe UI Symbol"", 12F);"
Api.0001,Binary incompatible for selected .NET version,Active,Mandatory,1,CDS.Markdown\CDS.Markdown.csproj,File,CDS.Markdown\MarkdownViewer.Designer.cs,76,12,T:System.Windows.Forms.Button,,,,,"btnBack.Font = new Font(""Segoe UI Symbol"", 12F);"
Api.0002,Source incompatible for selected .NET version,Active,Potential,1,CDS.Markdown\CDS.Markdown.csproj,File,CDS.Markdown\MarkdownViewer.Designer.cs,76,12,T:System.Drawing.Font,,,,,"btnBack.Font = new Font(""Segoe UI Symbol"", 12F);"
Api.0001,Binary incompatible for selected .NET version,Active,Mandatory,1,CDS.Markdown\CDS.Markdown.csproj,File,CDS.Markdown\MarkdownViewer.Designer.cs,76,12,P:System.Windows.Forms.Control.Font,,,,,"btnBack.Font = new Font(""Segoe UI Symbol"", 12F);"
Api.0001,Binary incompatible for selected .NET version,Active,Mandatory,1,CDS.Markdown\CDS.Markdown.csproj,File,CDS.Markdown\MarkdownViewer.Designer.cs,75,12,T:System.Windows.Forms.FlatStyle,,,,,btnBack.FlatStyle = FlatStyle.Flat;
Api.0001,Binary incompatible for selected .NET version,Active,Mandatory,1,CDS.Markdown\CDS.Markdown.csproj,File,CDS.Markdown\MarkdownViewer.Designer.cs,75,12,T:System.Windows.Forms.FlatStyle,,,,,btnBack.FlatStyle = FlatStyle.Flat;
Api.0001,Binary incompatible for selected .NET version,Active,Mandatory,1,CDS.Markdown\CDS.Markdown.csproj,File,CDS.Markdown\MarkdownViewer.Designer.cs,75,12,F:System.Windows.Forms.FlatStyle.Flat,,,,,btnBack.FlatStyle = FlatStyle.Flat;
Api.0001,Binary incompatible for selected .NET version,Active,Mandatory,1,CDS.Markdown\CDS.Markdown.csproj,File,CDS.Markdown\MarkdownViewer.Designer.cs,75,12,T:System.Windows.Forms.Button,,,,,btnBack.FlatStyle = FlatStyle.Flat;
Api.0001,Binary incompatible for selected .NET version,Active,Mandatory,1,CDS.Markdown\CDS.Markdown.csproj,File,CDS.Markdown\MarkdownViewer.Designer.cs,75,12,T:System.Windows.Forms.FlatStyle,,,,,btnBack.FlatStyle = FlatStyle.Flat;
Api.0001,Binary incompatible for selected .NET version,Active,Mandatory,1,CDS.Markdown\CDS.Markdown.csproj,File,CDS.Markdown\MarkdownViewer.Designer.cs,75,12,P:System.Windows.Forms.ButtonBase.FlatStyle,,,,,btnBack.FlatStyle = FlatStyle.Flat;
Api.0001,Binary incompatible for selected .NET version,Active,Mandatory,1,CDS.Markdown\CDS.Markdown.csproj,File,CDS.Markdown\MarkdownViewer.Designer.cs,74,12,T:System.Windows.Forms.Button,,,,,btnBack.FlatAppearance.BorderSize = 0;
Api.0001,Binary incompatible for selected .NET version,Active,Mandatory,1,CDS.Markdown\CDS.Markdown.csproj,File,CDS.Markdown\MarkdownViewer.Designer.cs,74,12,T:System.Windows.Forms.FlatButtonAppearance,,,,,btnBack.FlatAppearance.BorderSize = 0;
Api.0001,Binary incompatible for selected .NET version,Active,Mandatory,1,CDS.Markdown\CDS.Markdown.csproj,File,CDS.Markdown\MarkdownViewer.Designer.cs,74,12,P:System.Windows.Forms.ButtonBase.FlatAppearance,,,,,btnBack.FlatAppearance.BorderSize = 0;
Api.0001,Binary incompatible for selected .NET version,Active,Mandatory,1,CDS.Markdown\CDS.Markdown.csproj,File,CDS.Markdown\MarkdownViewer.Designer.cs,74,12,P:System.Windows.Forms.FlatButtonAppearance.BorderSize,,,,,btnBack.FlatAppearance.BorderSize = 0;
Api.0001,Binary incompatible for selected .NET version,Active,Mandatory,1,CDS.Markdown\CDS.Markdown.csproj,File,CDS.Markdown\MarkdownViewer.Designer.cs,70,12,T:System.Windows.Forms.Button,,,,,btnForward.Click += btnForward_Click;
Api.0001,Binary incompatible for selected .NET version,Active,Mandatory,1,CDS.Markdown\CDS.Markdown.csproj,File,CDS.Markdown\MarkdownViewer.Designer.cs,70,12,E:System.Windows.Forms.Control.Click,,,,,btnForward.Click += btnForward_Click;
Api.0001,Binary incompatible for selected .NET version,Active,Mandatory,1,CDS.Markdown\CDS.Markdown.csproj,File,CDS.Markdown\MarkdownViewer.Designer.cs,69,12,T:System.Windows.Forms.Button,,,,,btnForward.UseVisualStyleBackColor = true;
Api.0001,Binary incompatible for selected .NET version,Active,Mandatory,1,CDS.Markdown\CDS.Markdown.csproj,File,CDS.Markdown\MarkdownViewer.Designer.cs,69,12,P:System.Windows.Forms.ButtonBase.UseVisualStyleBackColor,,,,,btnForward.UseVisualStyleBackColor = true;
Api.0001,Binary incompatible for selected .NET version,Active,Mandatory,1,CDS.Markdown\CDS.Markdown.csproj,File,CDS.Markdown\MarkdownViewer.Designer.cs,68,12,T:System.Windows.Forms.Button,,,,,btnForward.TabIndex = 1;
Api.0001,Binary incompatible for selected .NET version,Active,Mandatory,1,CDS.Markdown\CDS.Markdown.csproj,File,CDS.Markdown\MarkdownViewer.Designer.cs,68,12,P:System.Windows.Forms.Control.TabIndex,,,,,btnForward.TabIndex = 1;
Api.0001,Binary incompatible for selected .NET version,Active,Mandatory,1,CDS.Markdown\CDS.Markdown.csproj,File,CDS.Markdown\MarkdownViewer.Designer.cs,67,12,T:System.Windows.Forms.Button,,,,,"btnForward.Size = new Size(54, 37);"
Api.0001,Binary incompatible for selected .NET version,Active,Mandatory,1,CDS.Markdown\CDS.Markdown.csproj,File,CDS.Markdown\MarkdownViewer.Designer.cs,67,12,P:System.Windows.Forms.Control.Size,,,,,"btnForward.Size = new Size(54, 37);"
Api.0001,Binary incompatible for selected .NET version,Active,Mandatory,1,CDS.Markdown\CDS.Markdown.csproj,File,CDS.Markdown\MarkdownViewer.Designer.cs,66,12,T:System.Windows.Forms.Button,,,,,"btnForward.Name = ""btnForward"";"
Api.0001,Binary incompatible for selected .NET version,Active,Mandatory,1,CDS.Markdown\CDS.Markdown.csproj,File,CDS.Markdown\MarkdownViewer.Designer.cs,66,12,P:System.Windows.Forms.Control.Name,,,,,"btnForward.Name = ""btnForward"";"
Api.0001,Binary incompatible for selected .NET version,Active,Mandatory,1,CDS.Markdown\CDS.Markdown.csproj,File,CDS.Markdown\MarkdownViewer.Designer.cs,65,12,T:System.Windows.Forms.Button,,,,,"btnForward.Location = new Point(126, 6);"
Api.0001,Binary incompatible for selected .NET version,Active,Mandatory,1,CDS.Markdown\CDS.Markdown.csproj,File,CDS.Markdown\MarkdownViewer.Designer.cs,65,12,P:System.Windows.Forms.Control.Location,,,,,"btnForward.Location = new Point(126, 6);"
Api.0002,Source incompatible for selected .NET version,Active,Potential,1,CDS.Markdown\CDS.Markdown.csproj,File,CDS.Markdown\MarkdownViewer.Designer.cs,64,12,T:System.Drawing.Bitmap,,,,,btnForward.Image = Properties.Resources.right_arrow;
Api.0001,Binary incompatible for selected .NET version,Active,Mandatory,1,CDS.Markdown\CDS.Markdown.csproj,File,CDS.Markdown\MarkdownViewer.Designer.cs,64,12,T:System.Windows.Forms.Button,,,,,btnForward.Image = Properties.Resources.right_arrow;
Api.0002,Source incompatible for selected .NET version,Active,Potential,1,CDS.Markdown\CDS.Markdown.csproj,File,CDS.Markdown\MarkdownViewer.Designer.cs,64,12,T:System.Drawing.Image,,,,,btnForward.Image = Properties.Resources.right_arrow;
Api.0001,Binary incompatible for selected .NET version,Active,Mandatory,1,CDS.Markdown\CDS.Markdown.csproj,File,CDS.Markdown\MarkdownViewer.Designer.cs,64,12,P:System.Windows.Forms.ButtonBase.Image,,,,,btnForward.Image = Properties.Resources.right_arrow;
Api.0002,Source incompatible for selected .NET version,Active,Potential,1,CDS.Markdown\CDS.Markdown.csproj,File,CDS.Markdown\MarkdownViewer.Designer.cs,63,12,T:System.Drawing.Font,,,,,"btnForward.Font = new Font(""Segoe UI Symbol"", 12F);"
Api.0002,Source incompatible for selected .NET version,Active,Potential,1,CDS.Markdown\CDS.Markdown.csproj,File,CDS.Markdown\MarkdownViewer.Designer.cs,63,12,"M:System.Drawing.Font.#ctor(System.String,System.Single)",,,,,"btnForward.Font = new Font(""Segoe UI Symbol"", 12F);"
Api.0001,Binary incompatible for selected .NET version,Active,Mandatory,1,CDS.Markdown\CDS.Markdown.csproj,File,CDS.Markdown\MarkdownViewer.Designer.cs,63,12,T:System.Windows.Forms.Button,,,,,"btnForward.Font = new Font(""Segoe UI Symbol"", 12F);"
Api.0002,Source incompatible for selected .NET version,Active,Potential,1,CDS.Markdown\CDS.Markdown.csproj,File,CDS.Markdown\MarkdownViewer.Designer.cs,63,12,T:System.Drawing.Font,,,,,"btnForward.Font = new Font(""Segoe UI Symbol"", 12F);"
Api.0001,Binary incompatible for selected .NET version,Active,Mandatory,1,CDS.Markdown\CDS.Markdown.csproj,File,CDS.Markdown\MarkdownViewer.Designer.cs,63,12,P:System.Windows.Forms.Control.Font,,,,,"btnForward.Font = new Font(""Segoe UI Symbol"", 12F);"
Api.0001,Binary incompatible for selected .NET version,Active,Mandatory,1,CDS.Markdown\CDS.Markdown.csproj,File,CDS.Markdown\MarkdownViewer.Designer.cs,62,12,T:System.Windows.Forms.FlatStyle,,,,,btnForward.FlatStyle = FlatStyle.Flat;
Api.0001,Binary incompatible for selected .NET version,Active,Mandatory,1,CDS.Markdown\CDS.Markdown.csproj,File,CDS.Markdown\MarkdownViewer.Designer.cs,62,12,T:System.Windows.Forms.FlatStyle,,,,,btnForward.FlatStyle = FlatStyle.Flat;
Api.0001,Binary incompatible for selected .NET version,Active,Mandatory,1,CDS.Markdown\CDS.Markdown.csproj,File,CDS.Markdown\MarkdownViewer.Designer.cs,62,12,F:System.Windows.Forms.FlatStyle.Flat,,,,,btnForward.FlatStyle = FlatStyle.Flat;
Api.0001,Binary incompatible for selected .NET version,Active,Mandatory,1,CDS.Markdown\CDS.Markdown.csproj,File,CDS.Markdown\MarkdownViewer.Designer.cs,62,12,T:System.Windows.Forms.Button,,,,,btnForward.FlatStyle = FlatStyle.Flat;
Api.0001,Binary incompatible for selected .NET version,Active,Mandatory,1,CDS.Markdown\CDS.Markdown.csproj,File,CDS.Markdown\MarkdownViewer.Designer.cs,62,12,T:System.Windows.Forms.FlatStyle,,,,,btnForward.FlatStyle = FlatStyle.Flat;
Api.0001,Binary incompatible for selected .NET version,Active,Mandatory,1,CDS.Markdown\CDS.Markdown.csproj,File,CDS.Markdown\MarkdownViewer.Designer.cs,62,12,P:System.Windows.Forms.ButtonBase.FlatStyle,,,,,btnForward.FlatStyle = FlatStyle.Flat;
Api.0001,Binary incompatible for selected .NET version,Active,Mandatory,1,CDS.Markdown\CDS.Markdown.csproj,File,CDS.Markdown\MarkdownViewer.Designer.cs,61,12,T:System.Windows.Forms.Button,,,,,btnForward.FlatAppearance.BorderSize = 0;
Api.0001,Binary incompatible for selected .NET version,Active,Mandatory,1,CDS.Markdown\CDS.Markdown.csproj,File,CDS.Markdown\MarkdownViewer.Designer.cs,61,12,T:System.Windows.Forms.FlatButtonAppearance,,,,,btnForward.FlatAppearance.BorderSize = 0;
Api.0001,Binary incompatible for selected .NET version,Active,Mandatory,1,CDS.Markdown\CDS.Markdown.csproj,File,CDS.Markdown\MarkdownViewer.Designer.cs,61,12,P:System.Windows.Forms.ButtonBase.FlatAppearance,,,,,btnForward.FlatAppearance.BorderSize = 0;
Api.0001,Binary incompatible for selected .NET version,Active,Mandatory,1,CDS.Markdown\CDS.Markdown.csproj,File,CDS.Markdown\MarkdownViewer.Designer.cs,61,12,P:System.Windows.Forms.FlatButtonAppearance.BorderSize,,,,,btnForward.FlatAppearance.BorderSize = 0;
Api.0001,Binary incompatible for selected .NET version,Active,Mandatory,1,CDS.Markdown\CDS.Markdown.csproj,File,CDS.Markdown\MarkdownViewer.Designer.cs,57,12,T:System.Windows.Forms.Button,,,,,btnHome.Click += btnHome_Click;
Api.0001,Binary incompatible for selected .NET version,Active,Mandatory,1,CDS.Markdown\CDS.Markdown.csproj,File,CDS.Markdown\MarkdownViewer.Designer.cs,57,12,E:System.Windows.Forms.Control.Click,,,,,btnHome.Click += btnHome_Click;
Api.0001,Binary incompatible for selected .NET version,Active,Mandatory,1,CDS.Markdown\CDS.Markdown.csproj,File,CDS.Markdown\MarkdownViewer.Designer.cs,56,12,T:System.Windows.Forms.Button,,,,,btnHome.UseVisualStyleBackColor = true;
Api.0001,Binary incompatible for selected .NET version,Active,Mandatory,1,CDS.Markdown\CDS.Markdown.csproj,File,CDS.Markdown\MarkdownViewer.Designer.cs,56,12,P:System.Windows.Forms.ButtonBase.UseVisualStyleBackColor,,,,,btnHome.UseVisualStyleBackColor = true;
Api.0001,Binary incompatible for selected .NET version,Active,Mandatory,1,CDS.Markdown\CDS.Markdown.csproj,File,CDS.Markdown\MarkdownViewer.Designer.cs,55,12,T:System.Windows.Forms.Button,,,,,btnHome.TabIndex = 2;
Api.0001,Binary incompatible for selected .NET version,Active,Mandatory,1,CDS.Markdown\CDS.Markdown.csproj,File,CDS.Markdown\MarkdownViewer.Designer.cs,55,12,P:System.Windows.Forms.Control.TabIndex,,,,,btnHome.TabIndex = 2;
Api.0001,Binary incompatible for selected .NET version,Active,Mandatory,1,CDS.Markdown\CDS.Markdown.csproj,File,CDS.Markdown\MarkdownViewer.Designer.cs,54,12,T:System.Windows.Forms.Button,,,,,"btnHome.Size = new Size(54, 37);"
Api.0001,Binary incompatible for selected .NET version,Active,Mandatory,1,CDS.Markdown\CDS.Markdown.csproj,File,CDS.Markdown\MarkdownViewer.Designer.cs,54,12,P:System.Windows.Forms.Control.Size,,,,,"btnHome.Size = new Size(54, 37);"
Api.0001,Binary incompatible for selected .NET version,Active,Mandatory,1,CDS.Markdown\CDS.Markdown.csproj,File,CDS.Markdown\MarkdownViewer.Designer.cs,53,12,T:System.Windows.Forms.Button,,,,,"btnHome.Name = ""btnHome"";"
Api.0001,Binary incompatible for selected .NET version,Active,Mandatory,1,CDS.Markdown\CDS.Markdown.csproj,File,CDS.Markdown\MarkdownViewer.Designer.cs,53,12,P:System.Windows.Forms.Control.Name,,,,,"btnHome.Name = ""btnHome"";"
Api.0001,Binary incompatible for selected .NET version,Active,Mandatory,1,CDS.Markdown\CDS.Markdown.csproj,File,CDS.Markdown\MarkdownViewer.Designer.cs,52,12,T:System.Windows.Forms.Button,,,,,"btnHome.Location = new Point(6, 6);"
Api.0001,Binary incompatible for selected .NET version,Active,Mandatory,1,CDS.Markdown\CDS.Markdown.csproj,File,CDS.Markdown\MarkdownViewer.Designer.cs,52,12,P:System.Windows.Forms.Control.Location,,,,,"btnHome.Location = new Point(6, 6);"
Api.0002,Source incompatible for selected .NET version,Active,Potential,1,CDS.Markdown\CDS.Markdown.csproj,File,CDS.Markdown\MarkdownViewer.Designer.cs,51,12,T:System.Drawing.Bitmap,,,,,btnHome.Image = Properties.Resources.home_button_2;
Api.0001,Binary incompatible for selected .NET version,Active,Mandatory,1,CDS.Markdown\CDS.Markdown.csproj,File,CDS.Markdown\MarkdownViewer.Designer.cs,51,12,T:System.Windows.Forms.Button,,,,,btnHome.Image = Properties.Resources.home_button_2;
Api.0002,Source incompatible for selected .NET version,Active,Potential,1,CDS.Markdown\CDS.Markdown.csproj,File,CDS.Markdown\MarkdownViewer.Designer.cs,51,12,T:System.Drawing.Image,,,,,btnHome.Image = Properties.Resources.home_button_2;
Api.0001,Binary incompatible for selected .NET version,Active,Mandatory,1,CDS.Markdown\CDS.Markdown.csproj,File,CDS.Markdown\MarkdownViewer.Designer.cs,51,12,P:System.Windows.Forms.ButtonBase.Image,,,,,btnHome.Image = Properties.Resources.home_button_2;
Api.0002,Source incompatible for selected .NET version,Active,Potential,1,CDS.Markdown\CDS.Markdown.csproj,File,CDS.Markdown\MarkdownViewer.Designer.cs,50,12,T:System.Drawing.Font,,,,,"btnHome.Font = new Font(""Segoe UI Symbol"", 12F);"
Api.0002,Source incompatible for selected .NET version,Active,Potential,1,CDS.Markdown\CDS.Markdown.csproj,File,CDS.Markdown\MarkdownViewer.Designer.cs,50,12,"M:System.Drawing.Font.#ctor(System.String,System.Single)",,,,,"btnHome.Font = new Font(""Segoe UI Symbol"", 12F);"
Api.0001,Binary incompatible for selected .NET version,Active,Mandatory,1,CDS.Markdown\CDS.Markdown.csproj,File,CDS.Markdown\MarkdownViewer.Designer.cs,50,12,T:System.Windows.Forms.Button,,,,,"btnHome.Font = new Font(""Segoe UI Symbol"", 12F);"
Api.0002,Source incompatible for selected .NET version,Active,Potential,1,CDS.Markdown\CDS.Markdown.csproj,File,CDS.Markdown\MarkdownViewer.Designer.cs,50,12,T:System.Drawing.Font,,,,,"btnHome.Font = new Font(""Segoe UI Symbol"", 12F);"
Api.0001,Binary incompatible for selected .NET version,Active,Mandatory,1,CDS.Markdown\CDS.Markdown.csproj,File,CDS.Markdown\MarkdownViewer.Designer.cs,50,12,P:System.Windows.Forms.Control.Font,,,,,"btnHome.Font = new Font(""Segoe UI Symbol"", 12F);"
Api.0001,Binary incompatible for selected .NET version,Active,Mandatory,1,CDS.Markdown\CDS.Markdown.csproj,File,CDS.Markdown\MarkdownViewer.Designer.cs,49,12,T:System.Windows.Forms.FlatStyle,,,,,btnHome.FlatStyle = FlatStyle.Flat;
Api.0001,Binary incompatible for selected .NET version,Active,Mandatory,1,CDS.Markdown\CDS.Markdown.csproj,File,CDS.Markdown\MarkdownViewer.Designer.cs,49,12,T:System.Windows.Forms.FlatStyle,,,,,btnHome.FlatStyle = FlatStyle.Flat;
Api.0001,Binary incompatible for selected .NET version,Active,Mandatory,1,CDS.Markdown\CDS.Markdown.csproj,File,CDS.Markdown\MarkdownViewer.Designer.cs,49,12,F:System.Windows.Forms.FlatStyle.Flat,,,,,btnHome.FlatStyle = FlatStyle.Flat;
Api.0001,Binary incompatible for selected .NET version,Active,Mandatory,1,CDS.Markdown\CDS.Markdown.csproj,File,CDS.Markdown\MarkdownViewer.Designer.cs,49,12,T:System.Windows.Forms.Button,,,,,btnHome.FlatStyle = FlatStyle.Flat;
Api.0001,Binary incompatible for selected .NET version,Active,Mandatory,1,CDS.Markdown\CDS.Markdown.csproj,File,CDS.Markdown\MarkdownViewer.Designer.cs,49,12,T:System.Windows.Forms.FlatStyle,,,,,btnHome.FlatStyle = FlatStyle.Flat;
Api.0001,Binary incompatible for selected .NET version,Active,Mandatory,1,CDS.Markdown\CDS.Markdown.csproj,File,CDS.Markdown\MarkdownViewer.Designer.cs,49,12,P:System.Windows.Forms.ButtonBase.FlatStyle,,,,,btnHome.FlatStyle = FlatStyle.Flat;
Api.0001,Binary incompatible for selected .NET version,Active,Mandatory,1,CDS.Markdown\CDS.Markdown.csproj,File,CDS.Markdown\MarkdownViewer.Designer.cs,48,12,T:System.Windows.Forms.Button,,,,,btnHome.FlatAppearance.BorderSize = 0;
Api.0001,Binary incompatible for selected .NET version,Active,Mandatory,1,CDS.Markdown\CDS.Markdown.csproj,File,CDS.Markdown\MarkdownViewer.Designer.cs,48,12,T:System.Windows.Forms.FlatButtonAppearance,,,,,btnHome.FlatAppearance.BorderSize = 0;
Api.0001,Binary incompatible for selected .NET version,Active,Mandatory,1,CDS.Markdown\CDS.Markdown.csproj,File,CDS.Markdown\MarkdownViewer.Designer.cs,48,12,P:System.Windows.Forms.ButtonBase.FlatAppearance,,,,,btnHome.FlatAppearance.BorderSize = 0;
Api.0001,Binary incompatible for selected .NET version,Active,Mandatory,1,CDS.Markdown\CDS.Markdown.csproj,File,CDS.Markdown\MarkdownViewer.Designer.cs,48,12,P:System.Windows.Forms.FlatButtonAppearance.BorderSize,,,,,btnHome.FlatAppearance.BorderSize = 0;
Api.0001,Binary incompatible for selected .NET version,Active,Mandatory,1,CDS.Markdown\CDS.Markdown.csproj,File,CDS.Markdown\MarkdownViewer.Designer.cs,44,12,T:System.Windows.Forms.Panel,,,,,panel1.TabIndex = 1;
Api.0001,Binary incompatible for selected .NET version,Active,Mandatory,1,CDS.Markdown\CDS.Markdown.csproj,File,CDS.Markdown\MarkdownViewer.Designer.cs,44,12,P:System.Windows.Forms.Control.TabIndex,,,,,panel1.TabIndex = 1;
Api.0001,Binary incompatible for selected .NET version,Active,Mandatory,1,CDS.Markdown\CDS.Markdown.csproj,File,CDS.Markdown\MarkdownViewer.Designer.cs,43,12,T:System.Windows.Forms.Panel,,,,,"panel1.Size = new Size(438, 49);"
Api.0001,Binary incompatible for selected .NET version,Active,Mandatory,1,CDS.Markdown\CDS.Markdown.csproj,File,CDS.Markdown\MarkdownViewer.Designer.cs,43,12,P:System.Windows.Forms.Control.Size,,,,,"panel1.Size = new Size(438, 49);"
Api.0001,Binary incompatible for selected .NET version,Active,Mandatory,1,CDS.Markdown\CDS.Markdown.csproj,File,CDS.Markdown\MarkdownViewer.Designer.cs,42,12,T:System.Windows.Forms.Padding,,,,,panel1.Padding = new Padding(3);
Api.0001,Binary incompatible for selected .NET version,Active,Mandatory,1,CDS.Markdown\CDS.Markdown.csproj,File,CDS.Markdown\MarkdownViewer.Designer.cs,42,12,M:System.Windows.Forms.Padding.#ctor(System.Int32),,,,,panel1.Padding = new Padding(3);
Api.0001,Binary incompatible for selected .NET version,Active,Mandatory,1,CDS.Markdown\CDS.Markdown.csproj,File,CDS.Markdown\MarkdownViewer.Designer.cs,42,12,T:System.Windows.Forms.Panel,,,,,panel1.Padding = new Padding(3);
Api.0001,Binary incompatible for selected .NET version,Active,Mandatory,1,CDS.Markdown\CDS.Markdown.csproj,File,CDS.Markdown\MarkdownViewer.Designer.cs,42,12,T:System.Windows.Forms.Padding,,,,,panel1.Padding = new Padding(3);
Api.0001,Binary incompatible for selected .NET version,Active,Mandatory,1,CDS.Markdown\CDS.Markdown.csproj,File,CDS.Markdown\MarkdownViewer.Designer.cs,42,12,P:System.Windows.Forms.Control.Padding,,,,,panel1.Padding = new Padding(3);
Api.0001,Binary incompatible for selected .NET version,Active,Mandatory,1,CDS.Markdown\CDS.Markdown.csproj,File,CDS.Markdown\MarkdownViewer.Designer.cs,41,12,T:System.Windows.Forms.Panel,,,,,"panel1.Name = ""panel1"";"
Api.0001,Binary incompatible for selected .NET version,Active,Mandatory,1,CDS.Markdown\CDS.Markdown.csproj,File,CDS.Markdown\MarkdownViewer.Designer.cs,41,12,P:System.Windows.Forms.Control.Name,,,,,"panel1.Name = ""panel1"";"
Api.0001,Binary incompatible for selected .NET version,Active,Mandatory,1,CDS.Markdown\CDS.Markdown.csproj,File,CDS.Markdown\MarkdownViewer.Designer.cs,40,12,T:System.Windows.Forms.Panel,,,,,"panel1.Location = new Point(0, 0);"
Api.0001,Binary incompatible for selected .NET version,Active,Mandatory,1,CDS.Markdown\CDS.Markdown.csproj,File,CDS.Markdown\MarkdownViewer.Designer.cs,40,12,P:System.Windows.Forms.Control.Location,,,,,"panel1.Location = new Point(0, 0);"
Api.0001,Binary incompatible for selected .NET version,Active,Mandatory,1,CDS.Markdown\CDS.Markdown.csproj,File,CDS.Markdown\MarkdownViewer.Designer.cs,39,12,T:System.Windows.Forms.DockStyle,,,,,panel1.Dock = DockStyle.Top;
Api.0001,Binary incompatible for selected .NET version,Active,Mandatory,1,CDS.Markdown\CDS.Markdown.csproj,File,CDS.Markdown\MarkdownViewer.Designer.cs,39,12,T:System.Windows.Forms.DockStyle,,,,,panel1.Dock = DockStyle.Top;
Api.0001,Binary incompatible for selected .NET version,Active,Mandatory,1,CDS.Markdown\CDS.Markdown.csproj,File,CDS.Markdown\MarkdownViewer.Designer.cs,39,12,F:System.Windows.Forms.DockStyle.Top,,,,,panel1.Dock = DockStyle.Top;
Api.0001,Binary incompatible for selected .NET version,Active,Mandatory,1,CDS.Markdown\CDS.Markdown.csproj,File,CDS.Markdown\MarkdownViewer.Designer.cs,39,12,T:System.Windows.Forms.Panel,,,,,panel1.Dock = DockStyle.Top;
Api.0001,Binary incompatible for selected .NET version,Active,Mandatory,1,CDS.Markdown\CDS.Markdown.csproj,File,CDS.Markdown\MarkdownViewer.Designer.cs,39,12,T:System.Windows.Forms.DockStyle,,,,,panel1.Dock = DockStyle.Top;
Api.0001,Binary incompatible for selected .NET version,Active,Mandatory,1,CDS.Markdown\CDS.Markdown.csproj,File,CDS.Markdown\MarkdownViewer.Designer.cs,39,12,P:System.Windows.Forms.Control.Dock,,,,,panel1.Dock = DockStyle.Top;
Api.0001,Binary incompatible for selected .NET version,Active,Mandatory,1,CDS.Markdown\CDS.Markdown.csproj,File,CDS.Markdown\MarkdownViewer.Designer.cs,38,12,T:System.Windows.Forms.Button,,,,,panel1.Controls.Add(btnBack);
Api.0001,Binary incompatible for selected .NET version,Active,Mandatory,1,CDS.Markdown\CDS.Markdown.csproj,File,CDS.Markdown\MarkdownViewer.Designer.cs,38,12,T:System.Windows.Forms.Panel,,,,,panel1.Controls.Add(btnBack);
Api.0001,Binary incompatible for selected .NET version,Active,Mandatory,1,CDS.Markdown\CDS.Markdown.csproj,File,CDS.Markdown\MarkdownViewer.Designer.cs,38,12,T:System.Windows.Forms.Control.ControlCollection,,,,,panel1.Controls.Add(btnBack);
Api.0001,Binary incompatible for selected .NET version,Active,Mandatory,1,CDS.Markdown\CDS.Markdown.csproj,File,CDS.Markdown\MarkdownViewer.Designer.cs,38,12,P:System.Windows.Forms.Control.Controls,,,,,panel1.Controls.Add(btnBack);
Api.0001,Binary incompatible for selected .NET version,Active,Mandatory,1,CDS.Markdown\CDS.Markdown.csproj,File,CDS.Markdown\MarkdownViewer.Designer.cs,38,12,M:System.Windows.Forms.Control.ControlCollection.Add(System.Windows.Forms.Control),,,,,panel1.Controls.Add(btnBack);
Api.0001,Binary incompatible for selected .NET version,Active,Mandatory,1,CDS.Markdown\CDS.Markdown.csproj,File,CDS.Markdown\MarkdownViewer.Designer.cs,37,12,T:System.Windows.Forms.Button,,,,,panel1.Controls.Add(btnForward);
Api.0001,Binary incompatible for selected .NET version,Active,Mandatory,1,CDS.Markdown\CDS.Markdown.csproj,File,CDS.Markdown\MarkdownViewer.Designer.cs,37,12,T:System.Windows.Forms.Panel,,,,,panel1.Controls.Add(btnForward);
Api.0001,Binary incompatible for selected .NET version,Active,Mandatory,1,CDS.Markdown\CDS.Markdown.csproj,File,CDS.Markdown\MarkdownViewer.Designer.cs,37,12,T:System.Windows.Forms.Control.ControlCollection,,,,,panel1.Controls.Add(btnForward);
Api.0001,Binary incompatible for selected .NET version,Active,Mandatory,1,CDS.Markdown\CDS.Markdown.csproj,File,CDS.Markdown\MarkdownViewer.Designer.cs,37,12,P:System.Windows.Forms.Control.Controls,,,,,panel1.Controls.Add(btnForward);
Api.0001,Binary incompatible for selected .NET version,Active,Mandatory,1,CDS.Markdown\CDS.Markdown.csproj,File,CDS.Markdown\MarkdownViewer.Designer.cs,37,12,M:System.Windows.Forms.Control.ControlCollection.Add(System.Windows.Forms.Control),,,,,panel1.Controls.Add(btnForward);
Api.0001,Binary incompatible for selected .NET version,Active,Mandatory,1,CDS.Markdown\CDS.Markdown.csproj,File,CDS.Markdown\MarkdownViewer.Designer.cs,36,12,T:System.Windows.Forms.Button,,,,,panel1.Controls.Add(btnHome);
Api.0001,Binary incompatible for selected .NET version,Active,Mandatory,1,CDS.Markdown\CDS.Markdown.csproj,File,CDS.Markdown\MarkdownViewer.Designer.cs,36,12,T:System.Windows.Forms.Panel,,,,,panel1.Controls.Add(btnHome);
Api.0001,Binary incompatible for selected .NET version,Active,Mandatory,1,CDS.Markdown\CDS.Markdown.csproj,File,CDS.Markdown\MarkdownViewer.Designer.cs,36,12,T:System.Windows.Forms.Control.ControlCollection,,,,,panel1.Controls.Add(btnHome);
Api.0001,Binary incompatible for selected .NET version,Active,Mandatory,1,CDS.Markdown\CDS.Markdown.csproj,File,CDS.Markdown\MarkdownViewer.Designer.cs,36,12,P:System.Windows.Forms.Control.Controls,,,,,panel1.Controls.Add(btnHome);
Api.0001,Binary incompatible for selected .NET version,Active,Mandatory,1,CDS.Markdown\CDS.Markdown.csproj,File,CDS.Markdown\MarkdownViewer.Designer.cs,36,12,M:System.Windows.Forms.Control.ControlCollection.Add(System.Windows.Forms.Control),,,,,panel1.Controls.Add(btnHome);
Api.0001,Binary incompatible for selected .NET version,Active,Mandatory,1,CDS.Markdown\CDS.Markdown.csproj,File,CDS.Markdown\MarkdownViewer.Designer.cs,31,12,P:System.Windows.Forms.Control.TabIndex,,,,,webView.TabIndex = 0;
Api.0001,Binary incompatible for selected .NET version,Active,Mandatory,1,CDS.Markdown\CDS.Markdown.csproj,File,CDS.Markdown\MarkdownViewer.Designer.cs,30,12,P:System.Windows.Forms.Control.Size,,,,,"webView.Size = new Size(438, 323);"
Api.0001,Binary incompatible for selected .NET version,Active,Mandatory,1,CDS.Markdown\CDS.Markdown.csproj,File,CDS.Markdown\MarkdownViewer.Designer.cs,29,12,P:System.Windows.Forms.Control.Name,,,,,"webView.Name = ""webView"";"
Api.0001,Binary incompatible for selected .NET version,Active,Mandatory,1,CDS.Markdown\CDS.Markdown.csproj,File,CDS.Markdown\MarkdownViewer.Designer.cs,28,12,P:System.Windows.Forms.Control.Location,,,,,"webView.Location = new Point(0, 49);"
Api.0001,Binary incompatible for selected .NET version,Active,Mandatory,1,CDS.Markdown\CDS.Markdown.csproj,File,CDS.Markdown\MarkdownViewer.Designer.cs,27,12,T:System.Windows.Forms.DockStyle,,,,,webView.Dock = DockStyle.Fill;
Api.0001,Binary incompatible for selected .NET version,Active,Mandatory,1,CDS.Markdown\CDS.Markdown.csproj,File,CDS.Markdown\MarkdownViewer.Designer.cs,27,12,T:System.Windows.Forms.DockStyle,,,,,webView.Dock = DockStyle.Fill;
Api.0001,Binary incompatible for selected .NET version,Active,Mandatory,1,CDS.Markdown\CDS.Markdown.csproj,File,CDS.Markdown\MarkdownViewer.Designer.cs,27,12,F:System.Windows.Forms.DockStyle.Fill,,,,,webView.Dock = DockStyle.Fill;
Api.0001,Binary incompatible for selected .NET version,Active,Mandatory,1,CDS.Markdown\CDS.Markdown.csproj,File,CDS.Markdown\MarkdownViewer.Designer.cs,27,12,T:System.Windows.Forms.DockStyle,,,,,webView.Dock = DockStyle.Fill;
Api.0001,Binary incompatible for selected .NET version,Active,Mandatory,1,CDS.Markdown\CDS.Markdown.csproj,File,CDS.Markdown\MarkdownViewer.Designer.cs,27,12,P:System.Windows.Forms.Control.Dock,,,,,webView.Dock = DockStyle.Fill;
Api.0001,Binary incompatible for selected .NET version,Active,Mandatory,1,CDS.Markdown\CDS.Markdown.csproj,File,CDS.Markdown\MarkdownViewer.Designer.cs,20,12,M:System.Windows.Forms.Control.SuspendLayout,,,,,SuspendLayout();
Api.0001,Binary incompatible for selected .NET version,Active,Mandatory,1,CDS.Markdown\CDS.Markdown.csproj,File,CDS.Markdown\MarkdownViewer.Designer.cs,19,12,T:System.Windows.Forms.Panel,,,,,panel1.SuspendLayout();
Api.0001,Binary incompatible for selected .NET version,Active,Mandatory,1,CDS.Markdown\CDS.Markdown.csproj,File,CDS.Markdown\MarkdownViewer.Designer.cs,19,12,M:System.Windows.Forms.Control.SuspendLayout,,,,,panel1.SuspendLayout();
Api.0001,Binary incompatible for selected .NET version,Active,Mandatory,1,CDS.Markdown\CDS.Markdown.csproj,File,CDS.Markdown\MarkdownViewer.Designer.cs,17,12,T:System.Windows.Forms.Button,,,,,btnBack = new Button();
Api.0001,Binary incompatible for selected .NET version,Active,Mandatory,1,CDS.Markdown\CDS.Markdown.csproj,File,CDS.Markdown\MarkdownViewer.Designer.cs,17,12,M:System.Windows.Forms.Button.#ctor,,,,,btnBack = new Button();
Api.0001,Binary incompatible for selected .NET version,Active,Mandatory,1,CDS.Markdown\CDS.Markdown.csproj,File,CDS.Markdown\MarkdownViewer.Designer.cs,17,12,T:System.Windows.Forms.Button,,,,,btnBack = new Button();
Api.0001,Binary incompatible for selected .NET version,Active,Mandatory,1,CDS.Markdown\CDS.Markdown.csproj,File,CDS.Markdown\MarkdownViewer.Designer.cs,16,12,T:System.Windows.Forms.Button,,,,,btnForward = new Button();
Api.0001,Binary incompatible for selected .NET version,Active,Mandatory,1,CDS.Markdown\CDS.Markdown.csproj,File,CDS.Markdown\MarkdownViewer.Designer.cs,16,12,M:System.Windows.Forms.Button.#ctor,,,,,btnForward = new Button();
Api.0001,Binary incompatible for selected .NET version,Active,Mandatory,1,CDS.Markdown\CDS.Markdown.csproj,File,CDS.Markdown\MarkdownViewer.Designer.cs,16,12,T:System.Windows.Forms.Button,,,,,btnForward = new Button();
Api.0001,Binary incompatible for selected .NET version,Active,Mandatory,1,CDS.Markdown\CDS.Markdown.csproj,File,CDS.Markdown\MarkdownViewer.Designer.cs,15,12,T:System.Windows.Forms.Button,,,,,btnHome = new Button();
Api.0001,Binary incompatible for selected .NET version,Active,Mandatory,1,CDS.Markdown\CDS.Markdown.csproj,File,CDS.Markdown\MarkdownViewer.Designer.cs,15,12,M:System.Windows.Forms.Button.#ctor,,,,,btnHome = new Button();
Api.0001,Binary incompatible for selected .NET version,Active,Mandatory,1,CDS.Markdown\CDS.Markdown.csproj,File,CDS.Markdown\MarkdownViewer.Designer.cs,15,12,T:System.Windows.Forms.Button,,,,,btnHome = new Button();
Api.0001,Binary incompatible for selected .NET version,Active,Mandatory,1,CDS.Markdown\CDS.Markdown.csproj,File,CDS.Markdown\MarkdownViewer.Designer.cs,14,12,T:System.Windows.Forms.Panel,,,,,panel1 = new Panel();
Api.0001,Binary incompatible for selected .NET version,Active,Mandatory,1,CDS.Markdown\CDS.Markdown.csproj,File,CDS.Markdown\MarkdownViewer.Designer.cs,14,12,M:System.Windows.Forms.Panel.#ctor,,,,,panel1 = new Panel();
Api.0001,Binary incompatible for selected .NET version,Active,Mandatory,1,CDS.Markdown\CDS.Markdown.csproj,File,CDS.Markdown\MarkdownViewer.Designer.cs,14,12,T:System.Windows.Forms.Panel,,,,,panel1 = new Panel();
Api.0001,Binary incompatible for selected .NET version,Active,Mandatory,1,CDS.Markdown\CDS.Markdown.csproj,File,CDS.Markdown\MarkdownViewer.cs,29,4,M:System.Windows.Forms.UserControl.#ctor,,,,,public MarkdownViewer()      {          InitializeComponent();          session.HtmlReady += OnHtmlReadyAsync;      }
Api.0001,Binary incompatible for selected .NET version,Active,Mandatory,1,CDS.Markdown\CDS.Markdown.csproj,File,CDS.Markdown\MarkdownViewer.cs,7,38,T:System.Windows.Forms.UserControl,,,,,UserControl
Api.0003,Behavioral change in selected .NET version,Active,Potential,1,CDS.Markdown\CDS.Markdown.csproj,File,CDS.Markdown\MarkdownViewerSession.cs,102,12,T:System.Uri,,,,,string localPath = Uri.UnescapeDataString(new Uri(uri).LocalPath);
Api.0003,Behavioral change in selected .NET version,Active,Potential,1,CDS.Markdown\CDS.Markdown.csproj,File,CDS.Markdown\MarkdownViewerSession.cs,102,12,M:System.Uri.#ctor(System.String),,,,,string localPath = Uri.UnescapeDataString(new Uri(uri).LocalPath);
Api.0003,Behavioral change in selected .NET version,Active,Potential,1,CDS.Markdown\CDS.Markdown.csproj,File,CDS.Markdown\MarkdownViewerSession.cs,102,12,T:System.Uri,,,,,string localPath = Uri.UnescapeDataString(new Uri(uri).LocalPath);
Project.0002,Project's target framework(s) needs to be changed,Active,Mandatory,1,Demo\Demo.csproj,File,Demo\Demo.csproj,,,,,,,,Current target framework: net8.0-windows;net6.0-windows;net48 Recommended target framework: net8.0-windows;net6.0-windows;net48;net10.0-windows
Api.0001,Binary incompatible for selected .NET version,Active,Mandatory,1,Demo\Demo.csproj,File,Demo\obj\Debug\net6.0-windows\System.Windows.Forms.Analyzers.CSharp\System.Windows.Forms.Generators.ApplicationConfigurationGenerator\ApplicationConfiguration.g.cs,26,12,T:System.Windows.Forms.HighDpiMode,,,,,global::System.Windows.Forms.Application.SetHighDpiMode(HighDpiMode.SystemAware);
Api.0001,Binary incompatible for selected .NET version,Active,Mandatory,1,Demo\Demo.csproj,File,Demo\obj\Debug\net6.0-windows\System.Windows.Forms.Analyzers.CSharp\System.Windows.Forms.Generators.ApplicationConfigurationGenerator\ApplicationConfiguration.g.cs,26,12,T:System.Windows.Forms.HighDpiMode,,,,,global::System.Windows.Forms.Application.SetHighDpiMode(HighDpiMode.SystemAware);
Api.0001,Binary incompatible for selected .NET version,Active,Mandatory,1,Demo\Demo.csproj,File,Demo\obj\Debug\net6.0-windows\System.Windows.Forms.Analyzers.CSharp\System.Windows.Forms.Generators.ApplicationConfigurationGenerator\ApplicationConfiguration.g.cs,26,12,F:System.Windows.Forms.HighDpiMode.SystemAware,,,,,global::System.Windows.Forms.Application.SetHighDpiMode(HighDpiMode.SystemAware);
Api.0001,Binary incompatible for selected .NET version,Active,Mandatory,1,Demo\Demo.csproj,File,Demo\obj\Debug\net6.0-windows\System.Windows.Forms.Analyzers.CSharp\System.Windows.Forms.Generators.ApplicationConfigurationGenerator\ApplicationConfiguration.g.cs,26,12,T:System.Windows.Forms.Application,,,,,global::System.Windows.Forms.Application.SetHighDpiMode(HighDpiMode.SystemAware);
Api.0001,Binary incompatible for selected .NET version,Active,Mandatory,1,Demo\Demo.csproj,File,Demo\obj\Debug\net6.0-windows\System.Windows.Forms.Analyzers.CSharp\System.Windows.Forms.Generators.ApplicationConfigurationGenerator\ApplicationConfiguration.g.cs,26,12,M:System.Windows.Forms.Application.SetHighDpiMode(System.Windows.Forms.HighDpiMode),,,,,global::System.Windows.Forms.Application.SetHighDpiMode(HighDpiMode.SystemAware);
Api.0001,Binary incompatible for selected .NET version,Active,Mandatory,1,Demo\Demo.csproj,File,Demo\obj\Debug\net6.0-windows\System.Windows.Forms.Analyzers.CSharp\System.Windows.Forms.Generators.ApplicationConfigurationGenerator\ApplicationConfiguration.g.cs,25,12,T:System.Windows.Forms.Application,,,,,global::System.Windows.Forms.Application.SetCompatibleTextRenderingDefault(false);
Api.0001,Binary incompatible for selected .NET version,Active,Mandatory,1,Demo\Demo.csproj,File,Demo\obj\Debug\net6.0-windows\System.Windows.Forms.Analyzers.CSharp\System.Windows.Forms.Generators.ApplicationConfigurationGenerator\ApplicationConfiguration.g.cs,25,12,M:System.Windows.Forms.Application.SetCompatibleTextRenderingDefault(System.Boolean),,,,,global::System.Windows.Forms.Application.SetCompatibleTextRenderingDefault(false);
Api.0001,Binary incompatible for selected .NET version,Active,Mandatory,1,Demo\Demo.csproj,File,Demo\obj\Debug\net6.0-windows\System.Windows.Forms.Analyzers.CSharp\System.Windows.Forms.Generators.ApplicationConfigurationGenerator\ApplicationConfiguration.g.cs,24,12,T:System.Windows.Forms.Application,,,,,global::System.Windows.Forms.Application.EnableVisualStyles();
Api.0001,Binary incompatible for selected .NET version,Active,Mandatory,1,Demo\Demo.csproj,File,Demo\obj\Debug\net6.0-windows\System.Windows.Forms.Analyzers.CSharp\System.Windows.Forms.Generators.ApplicationConfigurationGenerator\ApplicationConfiguration.g.cs,24,12,M:System.Windows.Forms.Application.EnableVisualStyles,,,,,global::System.Windows.Forms.Application.EnableVisualStyles();
Api.0001,Binary incompatible for selected .NET version,Active,Mandatory,1,Demo\Demo.csproj,File,Demo\Program.cs,16,12,T:System.Windows.Forms.Application,,,,,Application.Run(new Form1());
Api.0001,Binary incompatible for selected .NET version,Active,Mandatory,1,Demo\Demo.csproj,File,Demo\Program.cs,16,12,M:System.Windows.Forms.Application.Run(System.Windows.Forms.Form),,,,,Application.Run(new Form1());
Api.0003,Behavioral change in selected .NET version,Active,Potential,1,Demo\Demo.csproj,File,Demo\SystemInfoHelper.cs,19,8,P:System.Environment.OSVersion,,,,,var osVersion = Environment.OSVersion.VersionString;
Api.0001,Binary incompatible for selected .NET version,Active,Mandatory,1,Demo\Demo.csproj,File,Demo\SystemInfoHelper.cs,15,8,T:System.Windows.Forms.Application,,,,,var appVersion = Application.ProductVersion.Split('+')[0];
Api.0001,Binary incompatible for selected .NET version,Active,Mandatory,1,Demo\Demo.csproj,File,Demo\SystemInfoHelper.cs,15,8,P:System.Windows.Forms.Application.ProductVersion,,,,,var appVersion = Application.ProductVersion.Split('+')[0];
Api.0001,Binary incompatible for selected .NET version,Active,Mandatory,1,Demo\Demo.csproj,File,Demo\SystemInfoHelper.cs,14,8,T:System.Windows.Forms.Application,,,,,var appName = Application.ProductName;
Api.0001,Binary incompatible for selected .NET version,Active,Mandatory,1,Demo\Demo.csproj,File,Demo\SystemInfoHelper.cs,14,8,P:System.Windows.Forms.Application.ProductName,,,,,var appName = Application.ProductName;
Api.0001,Binary incompatible for selected .NET version,Active,Mandatory,1,Demo\Demo.csproj,File,Demo\Form1.Designer.cs,88,33,T:System.Windows.Forms.TableLayoutPanel,,,,,tableLayoutPanel1
Api.0001,Binary incompatible for selected .NET version,Active,Mandatory,1,Demo\Demo.csproj,File,Demo\Form1.Designer.cs,87,22,T:System.Windows.Forms.Label,,,,,labelInfo
Api.0001,Binary incompatible for selected .NET version,Active,Mandatory,1,Demo\Demo.csproj,File,Demo\Form1.Designer.cs,81,12,M:System.Windows.Forms.Control.ResumeLayout(System.Boolean),,,,,ResumeLayout(false);
Api.0001,Binary incompatible for selected .NET version,Active,Mandatory,1,Demo\Demo.csproj,File,Demo\Form1.Designer.cs,80,12,T:System.Windows.Forms.TableLayoutPanel,,,,,tableLayoutPanel1.ResumeLayout(false);
Api.0001,Binary incompatible for selected .NET version,Active,Mandatory,1,Demo\Demo.csproj,File,Demo\Form1.Designer.cs,80,12,M:System.Windows.Forms.Control.ResumeLayout(System.Boolean),,,,,tableLayoutPanel1.ResumeLayout(false);
Api.0001,Binary incompatible for selected .NET version,Active,Mandatory,1,Demo\Demo.csproj,File,Demo\Form1.Designer.cs,79,12,E:System.Windows.Forms.Form.Load,,,,,Load += Form1_Load;
Api.0001,Binary incompatible for selected .NET version,Active,Mandatory,1,Demo\Demo.csproj,File,Demo\Form1.Designer.cs,78,12,P:System.Windows.Forms.Form.Text,,,,,"Text = ""CDS.Markdown demo"";"
Api.0001,Binary incompatible for selected .NET version,Active,Mandatory,1,Demo\Demo.csproj,File,Demo\Form1.Designer.cs,77,12,T:System.Windows.Forms.Padding,,,,,Padding = new Padding(12);
Api.0001,Binary incompatible for selected .NET version,Active,Mandatory,1,Demo\Demo.csproj,File,Demo\Form1.Designer.cs,77,12,M:System.Windows.Forms.Padding.#ctor(System.Int32),,,,,Padding = new Padding(12);
Api.0001,Binary incompatible for selected .NET version,Active,Mandatory,1,Demo\Demo.csproj,File,Demo\Form1.Designer.cs,77,12,T:System.Windows.Forms.Padding,,,,,Padding = new Padding(12);
Api.0001,Binary incompatible for selected .NET version,Active,Mandatory,1,Demo\Demo.csproj,File,Demo\Form1.Designer.cs,77,12,P:System.Windows.Forms.Control.Padding,,,,,Padding = new Padding(12);
Api.0001,Binary incompatible for selected .NET version,Active,Mandatory,1,Demo\Demo.csproj,File,Demo\Form1.Designer.cs,76,12,P:System.Windows.Forms.Control.Name,,,,,"Name = ""Form1"";"
Api.0001,Binary incompatible for selected .NET version,Active,Mandatory,1,Demo\Demo.csproj,File,Demo\Form1.Designer.cs,75,12,T:System.Windows.Forms.TableLayoutPanel,,,,,Controls.Add(tableLayoutPanel1);
Api.0001,Binary incompatible for selected .NET version,Active,Mandatory,1,Demo\Demo.csproj,File,Demo\Form1.Designer.cs,75,12,T:System.Windows.Forms.Control.ControlCollection,,,,,Controls.Add(tableLayoutPanel1);
Api.0001,Binary incompatible for selected .NET version,Active,Mandatory,1,Demo\Demo.csproj,File,Demo\Form1.Designer.cs,75,12,P:System.Windows.Forms.Control.Controls,,,,,Controls.Add(tableLayoutPanel1);
Api.0001,Binary incompatible for selected .NET version,Active,Mandatory,1,Demo\Demo.csproj,File,Demo\Form1.Designer.cs,75,12,M:System.Windows.Forms.Control.ControlCollection.Add(System.Windows.Forms.Control),,,,,Controls.Add(tableLayoutPanel1);
Api.0001,Binary incompatible for selected .NET version,Active,Mandatory,1,Demo\Demo.csproj,File,Demo\Form1.Designer.cs,74,12,P:System.Windows.Forms.Form.ClientSize,,,,,"ClientSize = new Size(778, 738);"
Api.0001,Binary incompatible for selected .NET version,Active,Mandatory,1,Demo\Demo.csproj,File,Demo\Form1.Designer.cs,73,12,T:System.Windows.Forms.AutoScaleMode,,,,,AutoScaleMode = AutoScaleMode.Font;
Api.0001,Binary incompatible for selected .NET version,Active,Mandatory,1,Demo\Demo.csproj,File,Demo\Form1.Designer.cs,73,12,T:System.Windows.Forms.AutoScaleMode,,,,,AutoScaleMode = AutoScaleMode.Font;
Api.0001,Binary incompatible for selected .NET version,Active,Mandatory,1,Demo\Demo.csproj,File,Demo\Form1.Designer.cs,73,12,F:System.Windows.Forms.AutoScaleMode.Font,,,,,AutoScaleMode = AutoScaleMode.Font;
Api.0001,Binary incompatible for selected .NET version,Active,Mandatory,1,Demo\Demo.csproj,File,Demo\Form1.Designer.cs,73,12,T:System.Windows.Forms.AutoScaleMode,,,,,AutoScaleMode = AutoScaleMode.Font;
Api.0001,Binary incompatible for selected .NET version,Active,Mandatory,1,Demo\Demo.csproj,File,Demo\Form1.Designer.cs,73,12,P:System.Windows.Forms.ContainerControl.AutoScaleMode,,,,,AutoScaleMode = AutoScaleMode.Font;
Api.0001,Binary incompatible for selected .NET version,Active,Mandatory,1,Demo\Demo.csproj,File,Demo\Form1.Designer.cs,72,12,P:System.Windows.Forms.ContainerControl.AutoScaleDimensions,,,,,"AutoScaleDimensions = new SizeF(7F, 15F);"
Api.0001,Binary incompatible for selected .NET version,Active,Mandatory,1,Demo\Demo.csproj,File,Demo\Form1.Designer.cs,68,12,T:System.Windows.Forms.TableLayoutPanel,,,,,tableLayoutPanel1.TabIndex = 2;
Api.0001,Binary incompatible for selected .NET version,Active,Mandatory,1,Demo\Demo.csproj,File,Demo\Form1.Designer.cs,68,12,P:System.Windows.Forms.Control.TabIndex,,,,,tableLayoutPanel1.TabIndex = 2;
Api.0001,Binary incompatible for selected .NET version,Active,Mandatory,1,Demo\Demo.csproj,File,Demo\Form1.Designer.cs,67,12,T:System.Windows.Forms.TableLayoutPanel,,,,,"tableLayoutPanel1.Size = new Size(754, 714);"
Api.0001,Binary incompatible for selected .NET version,Active,Mandatory,1,Demo\Demo.csproj,File,Demo\Form1.Designer.cs,67,12,P:System.Windows.Forms.Control.Size,,,,,"tableLayoutPanel1.Size = new Size(754, 714);"
Api.0001,Binary incompatible for selected .NET version,Active,Mandatory,1,Demo\Demo.csproj,File,Demo\Form1.Designer.cs,66,12,T:System.Windows.Forms.SizeType,,,,,"tableLayoutPanel1.RowStyles.Add(new RowStyle(SizeType.Percent, 100F));"
Api.0001,Binary incompatible for selected .NET version,Active,Mandatory,1,Demo\Demo.csproj,File,Demo\Form1.Designer.cs,66,12,T:System.Windows.Forms.SizeType,,,,,"tableLayoutPanel1.RowStyles.Add(new RowStyle(SizeType.Percent, 100F));"
Api.0001,Binary incompatible for selected .NET version,Active,Mandatory,1,Demo\Demo.csproj,File,Demo\Form1.Designer.cs,66,12,F:System.Windows.Forms.SizeType.Percent,,,,,"tableLayoutPanel1.RowStyles.Add(new RowStyle(SizeType.Percent, 100F));"
Api.0001,Binary incompatible for selected .NET version,Active,Mandatory,1,Demo\Demo.csproj,File,Demo\Form1.Designer.cs,66,12,T:System.Windows.Forms.RowStyle,,,,,"tableLayoutPanel1.RowStyles.Add(new RowStyle(SizeType.Percent, 100F));"
Api.0001,Binary incompatible for selected .NET version,Active,Mandatory,1,Demo\Demo.csproj,File,Demo\Form1.Designer.cs,66,12,"M:System.Windows.Forms.RowStyle.#ctor(System.Windows.Forms.SizeType,System.Single)",,,,,"tableLayoutPanel1.RowStyles.Add(new RowStyle(SizeType.Percent, 100F));"
Api.0001,Binary incompatible for selected .NET version,Active,Mandatory,1,Demo\Demo.csproj,File,Demo\Form1.Designer.cs,66,12,T:System.Windows.Forms.TableLayoutPanel,,,,,"tableLayoutPanel1.RowStyles.Add(new RowStyle(SizeType.Percent, 100F));"
Api.0001,Binary incompatible for selected .NET version,Active,Mandatory,1,Demo\Demo.csproj,File,Demo\Form1.Designer.cs,66,12,T:System.Windows.Forms.TableLayoutRowStyleCollection,,,,,"tableLayoutPanel1.RowStyles.Add(new RowStyle(SizeType.Percent, 100F));"
Api.0001,Binary incompatible for selected .NET version,Active,Mandatory,1,Demo\Demo.csproj,File,Demo\Form1.Designer.cs,66,12,P:System.Windows.Forms.TableLayoutPanel.RowStyles,,,,,"tableLayoutPanel1.RowStyles.Add(new RowStyle(SizeType.Percent, 100F));"
Api.0001,Binary incompatible for selected .NET version,Active,Mandatory,1,Demo\Demo.csproj,File,Demo\Form1.Designer.cs,66,12,M:System.Windows.Forms.TableLayoutRowStyleCollection.Add(System.Windows.Forms.RowStyle),,,,,"tableLayoutPanel1.RowStyles.Add(new RowStyle(SizeType.Percent, 100F));"
Api.0001,Binary incompatible for selected .NET version,Active,Mandatory,1,Demo\Demo.csproj,File,Demo\Form1.Designer.cs,65,12,T:System.Windows.Forms.SizeType,,,,,"tableLayoutPanel1.RowStyles.Add(new RowStyle(SizeType.Absolute, 41F));"
Api.0001,Binary incompatible for selected .NET version,Active,Mandatory,1,Demo\Demo.csproj,File,Demo\Form1.Designer.cs,65,12,T:System.Windows.Forms.SizeType,,,,,"tableLayoutPanel1.RowStyles.Add(new RowStyle(SizeType.Absolute, 41F));"
Api.0001,Binary incompatible for selected .NET version,Active,Mandatory,1,Demo\Demo.csproj,File,Demo\Form1.Designer.cs,65,12,F:System.Windows.Forms.SizeType.Absolute,,,,,"tableLayoutPanel1.RowStyles.Add(new RowStyle(SizeType.Absolute, 41F));"
Api.0001,Binary incompatible for selected .NET version,Active,Mandatory,1,Demo\Demo.csproj,File,Demo\Form1.Designer.cs,65,12,T:System.Windows.Forms.RowStyle,,,,,"tableLayoutPanel1.RowStyles.Add(new RowStyle(SizeType.Absolute, 41F));"
Api.0001,Binary incompatible for selected .NET version,Active,Mandatory,1,Demo\Demo.csproj,File,Demo\Form1.Designer.cs,65,12,"M:System.Windows.Forms.RowStyle.#ctor(System.Windows.Forms.SizeType,System.Single)",,,,,"tableLayoutPanel1.RowStyles.Add(new RowStyle(SizeType.Absolute, 41F));"
Api.0001,Binary incompatible for selected .NET version,Active,Mandatory,1,Demo\Demo.csproj,File,Demo\Form1.Designer.cs,65,12,T:System.Windows.Forms.TableLayoutPanel,,,,,"tableLayoutPanel1.RowStyles.Add(new RowStyle(SizeType.Absolute, 41F));"
Api.0001,Binary incompatible for selected .NET version,Active,Mandatory,1,Demo\Demo.csproj,File,Demo\Form1.Designer.cs,65,12,T:System.Windows.Forms.TableLayoutRowStyleCollection,,,,,"tableLayoutPanel1.RowStyles.Add(new RowStyle(SizeType.Absolute, 41F));"
Api.0001,Binary incompatible for selected .NET version,Active,Mandatory,1,Demo\Demo.csproj,File,Demo\Form1.Designer.cs,65,12,P:System.Windows.Forms.TableLayoutPanel.RowStyles,,,,,"tableLayoutPanel1.RowStyles.Add(new RowStyle(SizeType.Absolute, 41F));"
Api.0001,Binary incompatible for selected .NET version,Active,Mandatory,1,Demo\Demo.csproj,File,Demo\Form1.Designer.cs,65,12,M:System.Windows.Forms.TableLayoutRowStyleCollection.Add(System.Windows.Forms.RowStyle),,,,,"tableLayoutPanel1.RowStyles.Add(new RowStyle(SizeType.Absolute, 41F));"
Api.0001,Binary incompatible for selected .NET version,Active,Mandatory,1,Demo\Demo.csproj,File,Demo\Form1.Designer.cs,64,12,T:System.Windows.Forms.TableLayoutPanel,,,,,tableLayoutPanel1.RowCount = 2;
Api.0001,Binary incompatible for selected .NET version,Active,Mandatory,1,Demo\Demo.csproj,File,Demo\Form1.Designer.cs,64,12,P:System.Windows.Forms.TableLayoutPanel.RowCount,,,,,tableLayoutPanel1.RowCount = 2;
Api.0001,Binary incompatible for selected .NET version,Active,Mandatory,1,Demo\Demo.csproj,File,Demo\Form1.Designer.cs,63,12,T:System.Windows.Forms.TableLayoutPanel,,,,,"tableLayoutPanel1.Name = ""tableLayoutPanel1"";"
Api.0001,Binary incompatible for selected .NET version,Active,Mandatory,1,Demo\Demo.csproj,File,Demo\Form1.Designer.cs,63,12,P:System.Windows.Forms.Control.Name,,,,,"tableLayoutPanel1.Name = ""tableLayoutPanel1"";"
Api.0001,Binary incompatible for selected .NET version,Active,Mandatory,1,Demo\Demo.csproj,File,Demo\Form1.Designer.cs,62,12,T:System.Windows.Forms.TableLayoutPanel,,,,,"tableLayoutPanel1.Location = new Point(12, 12);"
Api.0001,Binary incompatible for selected .NET version,Active,Mandatory,1,Demo\Demo.csproj,File,Demo\Form1.Designer.cs,62,12,P:System.Windows.Forms.Control.Location,,,,,"tableLayoutPanel1.Location = new Point(12, 12);"
Api.0001,Binary incompatible for selected .NET version,Active,Mandatory,1,Demo\Demo.csproj,File,Demo\Form1.Designer.cs,61,12,T:System.Windows.Forms.DockStyle,,,,,tableLayoutPanel1.Dock = DockStyle.Fill;
Api.0001,Binary incompatible for selected .NET version,Active,Mandatory,1,Demo\Demo.csproj,File,Demo\Form1.Designer.cs,61,12,T:System.Windows.Forms.DockStyle,,,,,tableLayoutPanel1.Dock = DockStyle.Fill;
Api.0001,Binary incompatible for selected .NET version,Active,Mandatory,1,Demo\Demo.csproj,File,Demo\Form1.Designer.cs,61,12,F:System.Windows.Forms.DockStyle.Fill,,,,,tableLayoutPanel1.Dock = DockStyle.Fill;
Api.0001,Binary incompatible for selected .NET version,Active,Mandatory,1,Demo\Demo.csproj,File,Demo\Form1.Designer.cs,61,12,T:System.Windows.Forms.TableLayoutPanel,,,,,tableLayoutPanel1.Dock = DockStyle.Fill;
Api.0001,Binary incompatible for selected .NET version,Active,Mandatory,1,Demo\Demo.csproj,File,Demo\Form1.Designer.cs,61,12,T:System.Windows.Forms.DockStyle,,,,,tableLayoutPanel1.Dock = DockStyle.Fill;
Api.0001,Binary incompatible for selected .NET version,Active,Mandatory,1,Demo\Demo.csproj,File,Demo\Form1.Designer.cs,61,12,P:System.Windows.Forms.Control.Dock,,,,,tableLayoutPanel1.Dock = DockStyle.Fill;
Api.0001,Binary incompatible for selected .NET version,Active,Mandatory,1,Demo\Demo.csproj,File,Demo\Form1.Designer.cs,60,12,T:System.Windows.Forms.TableLayoutPanel,,,,,"tableLayoutPanel1.Controls.Add(markdownViewer, 0, 1);"
Api.0001,Binary incompatible for selected .NET version,Active,Mandatory,1,Demo\Demo.csproj,File,Demo\Form1.Designer.cs,60,12,T:System.Windows.Forms.TableLayoutControlCollection,,,,,"tableLayoutPanel1.Controls.Add(markdownViewer, 0, 1);"
Api.0001,Binary incompatible for selected .NET version,Active,Mandatory,1,Demo\Demo.csproj,File,Demo\Form1.Designer.cs,60,12,P:System.Windows.Forms.TableLayoutPanel.Controls,,,,,"tableLayoutPanel1.Controls.Add(markdownViewer, 0, 1);"
Api.0001,Binary incompatible for selected .NET version,Active,Mandatory,1,Demo\Demo.csproj,File,Demo\Form1.Designer.cs,60,12,"M:System.Windows.Forms.TableLayoutControlCollection.Add(System.Windows.Forms.Control,System.Int32,System.Int32)",,,,,"tableLayoutPanel1.Controls.Add(markdownViewer, 0, 1);"
Api.0001,Binary incompatible for selected .NET version,Active,Mandatory,1,Demo\Demo.csproj,File,Demo\Form1.Designer.cs,59,12,T:System.Windows.Forms.Label,,,,,"tableLayoutPanel1.Controls.Add(labelInfo, 0, 0);"
Api.0001,Binary incompatible for selected .NET version,Active,Mandatory,1,Demo\Demo.csproj,File,Demo\Form1.Designer.cs,59,12,T:System.Windows.Forms.TableLayoutPanel,,,,,"tableLayoutPanel1.Controls.Add(labelInfo, 0, 0);"
Api.0001,Binary incompatible for selected .NET version,Active,Mandatory,1,Demo\Demo.csproj,File,Demo\Form1.Designer.cs,59,12,T:System.Windows.Forms.TableLayoutControlCollection,,,,,"tableLayoutPanel1.Controls.Add(labelInfo, 0, 0);"
Api.0001,Binary incompatible for selected .NET version,Active,Mandatory,1,Demo\Demo.csproj,File,Demo\Form1.Designer.cs,59,12,P:System.Windows.Forms.TableLayoutPanel.Controls,,,,,"tableLayoutPanel1.Controls.Add(labelInfo, 0, 0);"
Api.0001,Binary incompatible for selected .NET version,Active,Mandatory,1,Demo\Demo.csproj,File,Demo\Form1.Designer.cs,59,12,"M:System.Windows.Forms.TableLayoutControlCollection.Add(System.Windows.Forms.Control,System.Int32,System.Int32)",,,,,"tableLayoutPanel1.Controls.Add(labelInfo, 0, 0);"
Api.0001,Binary incompatible for selected .NET version,Active,Mandatory,1,Demo\Demo.csproj,File,Demo\Form1.Designer.cs,58,12,T:System.Windows.Forms.SizeType,,,,,"tableLayoutPanel1.ColumnStyles.Add(new ColumnStyle(SizeType.Percent, 100F));"
Api.0001,Binary incompatible for selected .NET version,Active,Mandatory,1,Demo\Demo.csproj,File,Demo\Form1.Designer.cs,58,12,T:System.Windows.Forms.SizeType,,,,,"tableLayoutPanel1.ColumnStyles.Add(new ColumnStyle(SizeType.Percent, 100F));"
Api.0001,Binary incompatible for selected .NET version,Active,Mandatory,1,Demo\Demo.csproj,File,Demo\Form1.Designer.cs,58,12,F:System.Windows.Forms.SizeType.Percent,,,,,"tableLayoutPanel1.ColumnStyles.Add(new ColumnStyle(SizeType.Percent, 100F));"
Api.0001,Binary incompatible for selected .NET version,Active,Mandatory,1,Demo\Demo.csproj,File,Demo\Form1.Designer.cs,58,12,T:System.Windows.Forms.ColumnStyle,,,,,"tableLayoutPanel1.ColumnStyles.Add(new ColumnStyle(SizeType.Percent, 100F));"
Api.0001,Binary incompatible for selected .NET version,Active,Mandatory,1,Demo\Demo.csproj,File,Demo\Form1.Designer.cs,58,12,"M:System.Windows.Forms.ColumnStyle.#ctor(System.Windows.Forms.SizeType,System.Single)",,,,,"tableLayoutPanel1.ColumnStyles.Add(new ColumnStyle(SizeType.Percent, 100F));"
Api.0001,Binary incompatible for selected .NET version,Active,Mandatory,1,Demo\Demo.csproj,File,Demo\Form1.Designer.cs,58,12,T:System.Windows.Forms.TableLayoutPanel,,,,,"tableLayoutPanel1.ColumnStyles.Add(new ColumnStyle(SizeType.Percent, 100F));"
Api.0001,Binary incompatible for selected .NET version,Active,Mandatory,1,Demo\Demo.csproj,File,Demo\Form1.Designer.cs,58,12,T:System.Windows.Forms.TableLayoutColumnStyleCollection,,,,,"tableLayoutPanel1.ColumnStyles.Add(new ColumnStyle(SizeType.Percent, 100F));"
Api.0001,Binary incompatible for selected .NET version,Active,Mandatory,1,Demo\Demo.csproj,File,Demo\Form1.Designer.cs,58,12,P:System.Windows.Forms.TableLayoutPanel.ColumnStyles,,,,,"tableLayoutPanel1.ColumnStyles.Add(new ColumnStyle(SizeType.Percent, 100F));"
Api.0001,Binary incompatible for selected .NET version,Active,Mandatory,1,Demo\Demo.csproj,File,Demo\Form1.Designer.cs,58,12,M:System.Windows.Forms.TableLayoutColumnStyleCollection.Add(System.Windows.Forms.ColumnStyle),,,,,"tableLayoutPanel1.ColumnStyles.Add(new ColumnStyle(SizeType.Percent, 100F));"
Api.0001,Binary incompatible for selected .NET version,Active,Mandatory,1,Demo\Demo.csproj,File,Demo\Form1.Designer.cs,57,12,T:System.Windows.Forms.TableLayoutPanel,,,,,tableLayoutPanel1.ColumnCount = 1;
Api.0001,Binary incompatible for selected .NET version,Active,Mandatory,1,Demo\Demo.csproj,File,Demo\Form1.Designer.cs,57,12,P:System.Windows.Forms.TableLayoutPanel.ColumnCount,,,,,tableLayoutPanel1.ColumnCount = 1;
Api.0002,Source incompatible for selected .NET version,Active,Potential,1,Demo\Demo.csproj,File,Demo\Form1.Designer.cs,53,12,T:System.Drawing.ContentAlignment,,,,,labelInfo.TextAlign = ContentAlignment.MiddleCenter;
Api.0002,Source incompatible for selected .NET version,Active,Potential,1,Demo\Demo.csproj,File,Demo\Form1.Designer.cs,53,12,T:System.Drawing.ContentAlignment,,,,,labelInfo.TextAlign = ContentAlignment.MiddleCenter;
Api.0002,Source incompatible for selected .NET version,Active,Potential,1,Demo\Demo.csproj,File,Demo\Form1.Designer.cs,53,12,F:System.Drawing.ContentAlignment.MiddleCenter,,,,,labelInfo.TextAlign = ContentAlignment.MiddleCenter;
Api.0001,Binary incompatible for selected .NET version,Active,Mandatory,1,Demo\Demo.csproj,File,Demo\Form1.Designer.cs,53,12,T:System.Windows.Forms.Label,,,,,labelInfo.TextAlign = ContentAlignment.MiddleCenter;
Api.0002,Source incompatible for selected .NET version,Active,Potential,1,Demo\Demo.csproj,File,Demo\Form1.Designer.cs,53,12,T:System.Drawing.ContentAlignment,,,,,labelInfo.TextAlign = ContentAlignment.MiddleCenter;
Api.0001,Binary incompatible for selected .NET version,Active,Mandatory,1,Demo\Demo.csproj,File,Demo\Form1.Designer.cs,53,12,P:System.Windows.Forms.Label.TextAlign,,,,,labelInfo.TextAlign = ContentAlignment.MiddleCenter;
Api.0001,Binary incompatible for selected .NET version,Active,Mandatory,1,Demo\Demo.csproj,File,Demo\Form1.Designer.cs,52,12,T:System.Windows.Forms.Label,,,,,"labelInfo.Text = ""label1"";"
Api.0001,Binary incompatible for selected .NET version,Active,Mandatory,1,Demo\Demo.csproj,File,Demo\Form1.Designer.cs,52,12,P:System.Windows.Forms.Label.Text,,,,,"labelInfo.Text = ""label1"";"
Api.0001,Binary incompatible for selected .NET version,Active,Mandatory,1,Demo\Demo.csproj,File,Demo\Form1.Designer.cs,51,12,T:System.Windows.Forms.Label,,,,,labelInfo.TabIndex = 0;
Api.0001,Binary incompatible for selected .NET version,Active,Mandatory,1,Demo\Demo.csproj,File,Demo\Form1.Designer.cs,51,12,P:System.Windows.Forms.Control.TabIndex,,,,,labelInfo.TabIndex = 0;
Api.0001,Binary incompatible for selected .NET version,Active,Mandatory,1,Demo\Demo.csproj,File,Demo\Form1.Designer.cs,50,12,T:System.Windows.Forms.Label,,,,,"labelInfo.Size = new Size(748, 41);"
Api.0001,Binary incompatible for selected .NET version,Active,Mandatory,1,Demo\Demo.csproj,File,Demo\Form1.Designer.cs,50,12,P:System.Windows.Forms.Control.Size,,,,,"labelInfo.Size = new Size(748, 41);"
Api.0001,Binary incompatible for selected .NET version,Active,Mandatory,1,Demo\Demo.csproj,File,Demo\Form1.Designer.cs,49,12,T:System.Windows.Forms.Label,,,,,"labelInfo.Name = ""labelInfo"";"
Api.0001,Binary incompatible for selected .NET version,Active,Mandatory,1,Demo\Demo.csproj,File,Demo\Form1.Designer.cs,49,12,P:System.Windows.Forms.Control.Name,,,,,"labelInfo.Name = ""labelInfo"";"
Api.0001,Binary incompatible for selected .NET version,Active,Mandatory,1,Demo\Demo.csproj,File,Demo\Form1.Designer.cs,48,12,T:System.Windows.Forms.Label,,,,,"labelInfo.Location = new Point(3, 0);"
Api.0001,Binary incompatible for selected .NET version,Active,Mandatory,1,Demo\Demo.csproj,File,Demo\Form1.Designer.cs,48,12,P:System.Windows.Forms.Control.Location,,,,,"labelInfo.Location = new Point(3, 0);"
Api.0001,Binary incompatible for selected .NET version,Active,Mandatory,1,Demo\Demo.csproj,File,Demo\Form1.Designer.cs,47,12,T:System.Windows.Forms.DockStyle,,,,,labelInfo.Dock = DockStyle.Fill;
Api.0001,Binary incompatible for selected .NET version,Active,Mandatory,1,Demo\Demo.csproj,File,Demo\Form1.Designer.cs,47,12,T:System.Windows.Forms.DockStyle,,,,,labelInfo.Dock = DockStyle.Fill;
Api.0001,Binary incompatible for selected .NET version,Active,Mandatory,1,Demo\Demo.csproj,File,Demo\Form1.Designer.cs,47,12,F:System.Windows.Forms.DockStyle.Fill,,,,,labelInfo.Dock = DockStyle.Fill;
Api.0001,Binary incompatible for selected .NET version,Active,Mandatory,1,Demo\Demo.csproj,File,Demo\Form1.Designer.cs,47,12,T:System.Windows.Forms.Label,,,,,labelInfo.Dock = DockStyle.Fill;
Api.0001,Binary incompatible for selected .NET version,Active,Mandatory,1,Demo\Demo.csproj,File,Demo\Form1.Designer.cs,47,12,T:System.Windows.Forms.DockStyle,,,,,labelInfo.Dock = DockStyle.Fill;
Api.0001,Binary incompatible for selected .NET version,Active,Mandatory,1,Demo\Demo.csproj,File,Demo\Form1.Designer.cs,47,12,P:System.Windows.Forms.Control.Dock,,,,,labelInfo.Dock = DockStyle.Fill;
Api.0001,Binary incompatible for selected .NET version,Active,Mandatory,1,Demo\Demo.csproj,File,Demo\Form1.Designer.cs,43,12,P:System.Windows.Forms.Control.TabIndex,,,,,markdownViewer.TabIndex = 0;
Api.0001,Binary incompatible for selected .NET version,Active,Mandatory,1,Demo\Demo.csproj,File,Demo\Form1.Designer.cs,42,12,P:System.Windows.Forms.Control.Size,,,,,"markdownViewer.Size = new Size(748, 667);"
Api.0001,Binary incompatible for selected .NET version,Active,Mandatory,1,Demo\Demo.csproj,File,Demo\Form1.Designer.cs,41,12,P:System.Windows.Forms.Control.Name,,,,,"markdownViewer.Name = ""markdownViewer"";"
Api.0001,Binary incompatible for selected .NET version,Active,Mandatory,1,Demo\Demo.csproj,File,Demo\Form1.Designer.cs,40,12,P:System.Windows.Forms.Control.Location,,,,,"markdownViewer.Location = new Point(3, 44);"
Api.0001,Binary incompatible for selected .NET version,Active,Mandatory,1,Demo\Demo.csproj,File,Demo\Form1.Designer.cs,39,12,T:System.Windows.Forms.DockStyle,,,,,markdownViewer.Dock = DockStyle.Fill;
Api.0001,Binary incompatible for selected .NET version,Active,Mandatory,1,Demo\Demo.csproj,File,Demo\Form1.Designer.cs,39,12,T:System.Windows.Forms.DockStyle,,,,,markdownViewer.Dock = DockStyle.Fill;
Api.0001,Binary incompatible for selected .NET version,Active,Mandatory,1,Demo\Demo.csproj,File,Demo\Form1.Designer.cs,39,12,F:System.Windows.Forms.DockStyle.Fill,,,,,markdownViewer.Dock = DockStyle.Fill;
Api.0001,Binary incompatible for selected .NET version,Active,Mandatory,1,Demo\Demo.csproj,File,Demo\Form1.Designer.cs,39,12,T:System.Windows.Forms.DockStyle,,,,,markdownViewer.Dock = DockStyle.Fill;
Api.0001,Binary incompatible for selected .NET version,Active,Mandatory,1,Demo\Demo.csproj,File,Demo\Form1.Designer.cs,39,12,P:System.Windows.Forms.Control.Dock,,,,,markdownViewer.Dock = DockStyle.Fill;
Api.0001,Binary incompatible for selected .NET version,Active,Mandatory,1,Demo\Demo.csproj,File,Demo\Form1.Designer.cs,38,12,T:System.Windows.Forms.BorderStyle,,,,,markdownViewer.BorderStyle = BorderStyle.FixedSingle;
Api.0001,Binary incompatible for selected .NET version,Active,Mandatory,1,Demo\Demo.csproj,File,Demo\Form1.Designer.cs,38,12,T:System.Windows.Forms.BorderStyle,,,,,markdownViewer.BorderStyle = BorderStyle.FixedSingle;
Api.0001,Binary incompatible for selected .NET version,Active,Mandatory,1,Demo\Demo.csproj,File,Demo\Form1.Designer.cs,38,12,F:System.Windows.Forms.BorderStyle.FixedSingle,,,,,markdownViewer.BorderStyle = BorderStyle.FixedSingle;
Api.0001,Binary incompatible for selected .NET version,Active,Mandatory,1,Demo\Demo.csproj,File,Demo\Form1.Designer.cs,38,12,T:System.Windows.Forms.BorderStyle,,,,,markdownViewer.BorderStyle = BorderStyle.FixedSingle;
Api.0001,Binary incompatible for selected .NET version,Active,Mandatory,1,Demo\Demo.csproj,File,Demo\Form1.Designer.cs,38,12,P:System.Windows.Forms.UserControl.BorderStyle,,,,,markdownViewer.BorderStyle = BorderStyle.FixedSingle;
Api.0001,Binary incompatible for selected .NET version,Active,Mandatory,1,Demo\Demo.csproj,File,Demo\Form1.Designer.cs,34,12,M:System.Windows.Forms.Control.SuspendLayout,,,,,SuspendLayout();
Api.0001,Binary incompatible for selected .NET version,Active,Mandatory,1,Demo\Demo.csproj,File,Demo\Form1.Designer.cs,33,12,T:System.Windows.Forms.TableLayoutPanel,,,,,tableLayoutPanel1.SuspendLayout();
Api.0001,Binary incompatible for selected .NET version,Active,Mandatory,1,Demo\Demo.csproj,File,Demo\Form1.Designer.cs,33,12,M:System.Windows.Forms.Control.SuspendLayout,,,,,tableLayoutPanel1.SuspendLayout();
Api.0001,Binary incompatible for selected .NET version,Active,Mandatory,1,Demo\Demo.csproj,File,Demo\Form1.Designer.cs,32,12,T:System.Windows.Forms.TableLayoutPanel,,,,,tableLayoutPanel1 = new TableLayoutPanel();
Api.0001,Binary incompatible for selected .NET version,Active,Mandatory,1,Demo\Demo.csproj,File,Demo\Form1.Designer.cs,32,12,M:System.Windows.Forms.TableLayoutPanel.#ctor,,,,,tableLayoutPanel1 = new TableLayoutPanel();
Api.0001,Binary incompatible for selected .NET version,Active,Mandatory,1,Demo\Demo.csproj,File,Demo\Form1.Designer.cs,32,12,T:System.Windows.Forms.TableLayoutPanel,,,,,tableLayoutPanel1 = new TableLayoutPanel();
Api.0001,Binary incompatible for selected .NET version,Active,Mandatory,1,Demo\Demo.csproj,File,Demo\Form1.Designer.cs,31,12,T:System.Windows.Forms.Label,,,,,labelInfo = new Label();
Api.0001,Binary incompatible for selected .NET version,Active,Mandatory,1,Demo\Demo.csproj,File,Demo\Form1.Designer.cs,31,12,M:System.Windows.Forms.Label.#ctor,,,,,labelInfo = new Label();
Api.0001,Binary incompatible for selected .NET version,Active,Mandatory,1,Demo\Demo.csproj,File,Demo\Form1.Designer.cs,31,12,T:System.Windows.Forms.Label,,,,,labelInfo = new Label();
Api.0001,Binary incompatible for selected .NET version,Active,Mandatory,1,Demo\Demo.csproj,File,Demo\Form1.Designer.cs,19,12,M:System.Windows.Forms.Form.Dispose(System.Boolean),,,,,base.Dispose(disposing);
Api.0001,Binary incompatible for selected .NET version,Active,Mandatory,1,Demo\Demo.csproj,File,Demo\Form1.cs,35,8,T:System.Windows.Forms.Label,,,,,labelInfo.Text = SystemInfoHelper.GetSystemInfo();
Api.0001,Binary incompatible for selected .NET version,Active,Mandatory,1,Demo\Demo.csproj,File,Demo\Form1.cs,35,8,P:System.Windows.Forms.Label.Text,,,,,labelInfo.Text = SystemInfoHelper.GetSystemInfo();
Api.0001,Binary incompatible for selected .NET version,Active,Mandatory,1,Demo\Demo.csproj,File,Demo\Form1.cs,29,12,T:System.Windows.Forms.MessageBoxIcon,,,,,"MessageBox.Show($""Failed to load markdown: {ex.Message}"", ""Error"", MessageBoxButtons.OK, MessageBoxIcon.Error);"
Api.0001,Binary incompatible for selected .NET version,Active,Mandatory,1,Demo\Demo.csproj,File,Demo\Form1.cs,29,12,T:System.Windows.Forms.MessageBoxIcon,,,,,"MessageBox.Show($""Failed to load markdown: {ex.Message}"", ""Error"", MessageBoxButtons.OK, MessageBoxIcon.Error);"
Api.0001,Binary incompatible for selected .NET version,Active,Mandatory,1,Demo\Demo.csproj,File,Demo\Form1.cs,29,12,F:System.Windows.Forms.MessageBoxIcon.Error,,,,,"MessageBox.Show($""Failed to load markdown: {ex.Message}"", ""Error"", MessageBoxButtons.OK, MessageBoxIcon.Error);"
Api.0001,Binary incompatible for selected .NET version,Active,Mandatory,1,Demo\Demo.csproj,File,Demo\Form1.cs,29,12,T:System.Windows.Forms.MessageBoxButtons,,,,,"MessageBox.Show($""Failed to load markdown: {ex.Message}"", ""Error"", MessageBoxButtons.OK, MessageBoxIcon.Error);"
Api.0001,Binary incompatible for selected .NET version,Active,Mandatory,1,Demo\Demo.csproj,File,Demo\Form1.cs,29,12,T:System.Windows.Forms.MessageBoxButtons,,,,,"MessageBox.Show($""Failed to load markdown: {ex.Message}"", ""Error"", MessageBoxButtons.OK, MessageBoxIcon.Error);"
Api.0001,Binary incompatible for selected .NET version,Active,Mandatory,1,Demo\Demo.csproj,File,Demo\Form1.cs,29,12,F:System.Windows.Forms.MessageBoxButtons.OK,,,,,"MessageBox.Show($""Failed to load markdown: {ex.Message}"", ""Error"", MessageBoxButtons.OK, MessageBoxIcon.Error);"
Api.0001,Binary incompatible for selected .NET version,Active,Mandatory,1,Demo\Demo.csproj,File,Demo\Form1.cs,29,12,T:System.Windows.Forms.MessageBox,,,,,"MessageBox.Show($""Failed to load markdown: {ex.Message}"", ""Error"", MessageBoxButtons.OK, MessageBoxIcon.Error);"
Api.0001,Binary incompatible for selected .NET version,Active,Mandatory,1,Demo\Demo.csproj,File,Demo\Form1.cs,29,12,T:System.Windows.Forms.DialogResult,,,,,"MessageBox.Show($""Failed to load markdown: {ex.Message}"", ""Error"", MessageBoxButtons.OK, MessageBoxIcon.Error);"
Api.0001,Binary incompatible for selected .NET version,Active,Mandatory,1,Demo\Demo.csproj,File,Demo\Form1.cs,29,12,"M:System.Windows.Forms.MessageBox.Show(System.String,System.String,System.Windows.Forms.MessageBoxButtons,System.Windows.Forms.MessageBoxIcon)",,,,,"MessageBox.Show($""Failed to load markdown: {ex.Message}"", ""Error"", MessageBoxButtons.OK, MessageBoxIcon.Error);"
Api.0001,Binary incompatible for selected .NET version,Active,Mandatory,1,Demo\Demo.csproj,File,Demo\Form1.cs,21,8,M:System.Windows.Forms.Form.OnShown(System.EventArgs),,,,,base.OnShown(e);
Api.0001,Binary incompatible for selected .NET version,Active,Mandatory,1,Demo\Demo.csproj,File,Demo\Form1.cs,11,4,M:System.Windows.Forms.Form.#ctor,,,,,public Form1()      {          InitializeComponent();      }
Api.0001,Binary incompatible for selected .NET version,Active,Mandatory,1,Demo\Demo.csproj,File,Demo\Form1.cs,11,4,M:System.Windows.Forms.Form.#ctor,,,,,public Form1()      {          InitializeComponent();      }
Api.0001,Binary incompatible for selected .NET version,Active,Mandatory,1,Demo\Demo.csproj,File,Demo\Form1.cs,6,29,T:System.Windows.Forms.Form,,,,,Form
Project.0002,Project's target framework(s) needs to be changed,Active,Mandatory,1,UnitTests\UnitTests.csproj,File,UnitTests\UnitTests.csproj,,,,,,,,Current target framework: net8.0-windows;net48 Recommended target framework: net8.0-windows;net48;net10.0--windows;net10.0
Api.0003,Behavioral change in selected .NET version,Active,Potential,1,UnitTests\UnitTests.csproj,File,UnitTests\MarkdownViewerSessionTests.cs,102,8,T:System.Uri,,,,,var uri = new Uri(linkedFile).AbsoluteUri;
Api.0003,Behavioral change in selected .NET version,Active,Potential,1,UnitTests\UnitTests.csproj,File,UnitTests\MarkdownViewerSessionTests.cs,102,8,M:System.Uri.#ctor(System.String),,,,,var uri = new Uri(linkedFile).AbsoluteUri;
Api.0003,Behavioral change in selected .NET version,Active,Potential,1,UnitTests\UnitTests.csproj,File,UnitTests\MarkdownViewerSessionTests.cs,102,8,P:System.Uri.AbsoluteUri,,,,,var uri = new Uri(linkedFile).AbsoluteUri;
